Borough,Borough Latitude,Borough Longitude,Venue,Venue Latitude,Venue Longitude,Venue Category,Venue id,Tier
Barking and Dagenham,51.554117100000006,0.15050434261994267,Nando's,51.5677294,0.11680750000000001,Portuguese Restaurant,5d72e633b40a620008bf3518,2
Barking and Dagenham,51.554117100000006,0.15050434261994267,Ciao Bella,51.57610316447471,0.18281945165769764,Italian Restaurant,4bf70cfdc07c9c74b690bbef,2
Barking and Dagenham,51.554117100000006,0.15050434261994267,The Greyhound (Harvester),51.568429371140546,0.11945569997078855,English Restaurant,4dea493c18386283a3e063f6,0
Barking and Dagenham,51.554117100000006,0.15050434261994267,The Pipe Major,51.54579961156126,0.16585975885391235,Restaurant,4e7a1f5414954a343fb58258,2
Barking and Dagenham,51.554117100000006,0.15050434261994267,Burger King,51.5653422682986,0.1934680674937681,Fast Food Restaurant,4adcbef1f964a5205a2f21e3,1
Barking and Dagenham,51.554117100000006,0.15050434261994267,Braza,51.576343855312615,0.1817600019889725,Brazilian Restaurant,4ed2364930f81894b07a10da,2
Barking and Dagenham,51.554117100000006,0.15050434261994267,TGI Fridays,51.57678,0.17995042,American Restaurant,5b7da18c112c6c002c34dfce,2
Barking and Dagenham,51.554117100000006,0.15050434261994267,Frankie & Benny's,51.5750032,0.1801576,American Restaurant,4ba61b83f964a5200e3439e3,2
Barking and Dagenham,51.554117100000006,0.15050434261994267,McDonald's,51.52946581602097,0.15537544125177125,Fast Food Restaurant,4c2b3bc82219c9281e35a448,1
Barking and Dagenham,51.554117100000006,0.15050434261994267,Burger King,51.577084319148504,0.18138023772633005,Fast Food Restaurant,4c683790607ad13a14f6a72b,1
Barking and Dagenham,51.554117100000006,0.15050434261994267,Zizzi,51.57498202395798,0.17936234299088485,Italian Restaurant,4fce01b2e4b0e9fcce8c3756,2
Barking and Dagenham,51.554117100000006,0.15050434261994267,McDonald's,51.575458000000005,0.183652,Fast Food Restaurant,4cb56e17e262b60c698067e0,1
Barking and Dagenham,51.554117100000006,0.15050434261994267,Moby Dick,51.58058530179207,0.14061812278810829,Restaurant,4bb9e6183db7b713faa0229a,2
Barking and Dagenham,51.554117100000006,0.15050434261994267,Toby Carvery,51.57550451831185,0.1803646795161884,English Restaurant,4e67a3a8b0fbcbb044333b1c,0
Barking and Dagenham,51.554117100000006,0.15050434261994267,Cosmo,51.575445088587436,0.18045558717289276,Restaurant,4eb064fb775bbddde7b4f546,2
Barking and Dagenham,51.554117100000006,0.15050434261994267,KFC,51.57578697345944,0.1832824225484642,Fast Food Restaurant,4e566072c65be3cea464ecd9,1
Hackney,51.54904895,-0.047801218399077146,Black Cat,51.55141034753273,-0.055653776980376206,Vegetarian / Vegan Restaurant,524f0e1c93cd7c60acf7f56a,2
Hackney,51.54904895,-0.047801218399077146,Uchi,51.55369969074399,-0.05609758640954243,Japanese Restaurant,5606ec25498e8dec2b31a780,2
Hackney,51.54904895,-0.047801218399077146,Tonkotsu Mare Street,51.54869677059156,-0.05500378244070157,Ramen Restaurant,54b1421e498e65df242a4635,0
Hackney,51.54904895,-0.047801218399077146,My Neighbours The Dumplings,51.554346457758506,-0.054156493346225146,Dumpling Restaurant,56dc3191498ea0337f11bd89,1
Hackney,51.54904895,-0.047801218399077146,krapow!,51.553546000000004,-0.044701,Thai Restaurant,5aa44f4ead17892fe1a4fa5d,2
Hackney,51.54904895,-0.047801218399077146,Pidgin,51.545619537776105,-0.06113843220049271,Modern European Restaurant,55aaa13f498e486cd80d4ac2,0
Hackney,51.54904895,-0.047801218399077146,Dom's Place,51.556473994382344,-0.055605363380348535,Turkish Restaurant,526c35a3498ea7e21411082e,2
Hackney,51.54904895,-0.047801218399077146,Green Papaya,51.540441805487674,-0.05551667588396879,Vietnamese Restaurant,4ad10e6ff964a52054dc20e3,1
Hackney,51.54904895,-0.047801218399077146,LARDO,51.54345199309569,-0.05720672026998346,Italian Restaurant,4fede844e4b078413a369e71,2
Hackney,51.54904895,-0.047801218399077146,Scoffs Grill,51.54504265361096,-0.030406973713773662,Middle Eastern Restaurant,55e9a7d6498e2b63ac284fb4,2
Hackney,51.54904895,-0.047801218399077146,Mao Chow,51.53962,-0.056198000000000005,Vegetarian / Vegan Restaurant,5caf2af9345cbe002c07b884,2
Hackney,51.54904895,-0.047801218399077146,Bright,51.53780031938565,-0.05750681856026881,Restaurant,5abba954491be74b78bfb975,2
Hackney,51.54904895,-0.047801218399077146,Cookdaily,51.53785944495491,-0.058361569862561226,Vegetarian / Vegan Restaurant,5bd2fdb41f8ed6002c528d51,2
Newham,51.52999955,0.029317960293822082,McDonald's,51.534031,0.053797000000000005,Fast Food Restaurant,4d06283cc2e537044020c267,1
Newham,51.52999955,0.029317960293822082,Vijay's Chawalla,51.53865,0.032978766,Indian Restaurant,4b9babf9f964a520b41836e3,1
Newham,51.52999955,0.029317960293822082,Zero Sette,51.5086111244072,0.025280124948444296,Italian Restaurant,4c0e9768d64c0f47c372285d,2
Newham,51.52999955,0.029317960293822082,Saravanaa Bhavan,51.542468156114744,0.0502985187828753,Indian Restaurant,4ac518e5f964a52000ab20e3,2
Newham,51.52999955,0.029317960293822082,Meydan Sofrasi,51.516359396810856,0.009131799400310557,Turkish Restaurant,58adb15a561ded1ef98fb832,2
Newham,51.52999955,0.029317960293822082,Arch Rivals,51.554790000000004,0.019658245,Restaurant,5a2b0b7225fb7b771f9f6b57,2
Newham,51.52999955,0.029317960293822082,Pie Republic,51.54394890153402,0.026223775166727137,Comfort Food Restaurant,54d5dd49498eab400b436078,0
Newham,51.52999955,0.029317960293822082,Olive and Lemon,51.540565408574935,0.0008120228615704768,Mediterranean Restaurant,552914ae498e147ac8414c6e,2
Newham,51.52999955,0.029317960293822082,Tapa Tapa,51.508777078718545,0.02569652863334548,Tapas Restaurant,527b8a5b11d2991030736824,2
Newham,51.52999955,0.029317960293822082,Ananthapuram (Traditional Kerala Restaurant),51.540516533433774,0.050632921508809735,Indian Restaurant,51b0b154498ecca5e9bf164c,2
Newham,51.52999955,0.029317960293822082,Yi-Ban,51.50753891287109,0.04158382293991263,Chinese Restaurant,4ac518caf964a520b5a520e3,2
Newham,51.52999955,0.029317960293822082,Darkhorse Restaurant,51.54763375994026,-0.010635472854801884,Modern European Restaurant,5658afcd498e29e83ff6ba8d,0
Newham,51.52999955,0.029317960293822082,Nando's,51.5423221,0.0043574,Portuguese Restaurant,4cb1c82d75ebb60c2ca5cfad,2
Newham,51.52999955,0.029317960293822082,Gaucho,51.50213837072935,0.004377543752870168,Argentinian Restaurant,4b47b899f964a520d53b26e3,4
Newham,51.52999955,0.029317960293822082,Santi,51.548542,-0.008998,Italian Restaurant,579a5c53498ecfc17cb9b4be,2
Newham,51.52999955,0.029317960293822082,Wahaca,51.542391442328565,-0.007954527506720724,Mexican Restaurant,4e1dc7351fc73bfe97b8e8f8,2
Newham,51.52999955,0.029317960293822082,Maureen's Pie & Mash Shop,51.512949950616076,-0.015261033164971972,English Restaurant,4ba4d111f964a5209ab738e3,0
Newham,51.52999955,0.029317960293822082,Nakhon Thai Restaurant,51.50614434940042,0.01637107453988536,Thai Restaurant,4b770677f964a52096752ee3,2
Islington,51.5471563,-0.10169369087559156,Prawn On The Lawn Islington,51.546227,-0.101373,Seafood Restaurant,51b45939498e86aeba22a6af,3
Islington,51.5471563,-0.10169369087559156,Black Axe Mangal,51.545908000000004,-0.10208500000000001,Turkish Restaurant,560e7b65498eb0212e524b8e,2
Islington,51.5471563,-0.10169369087559156,Trullo,51.54616821405618,-0.10161099584676808,Italian Restaurant,4c128ea9b7b9c9281804a837,2
Islington,51.5471563,-0.10169369087559156,Le Péché Mignon,51.55020212746249,-0.10790580785007166,French Restaurant,4ac73e91f964a520d0b620e3,1
Islington,51.5471563,-0.10169369087559156,Westerns Laundry,51.55173436991155,-0.10725160302586237,Seafood Restaurant,5913089fb546181e0914b9de,3
Islington,51.5471563,-0.10169369087559156,Ottolenghi,51.53971573612157,-0.10231434330256582,Mediterranean Restaurant,4acde945f964a52084cd20e3,2
Islington,51.5471563,-0.10169369087559156,Zaffrani's,51.53925523720228,-0.10120195226035687,Indian Restaurant,4b993dd4f964a520d16c35e3,2
Islington,51.5471563,-0.10169369087559156,BabaBoom,51.54239594482771,-0.10307489978932786,Kebab Restaurant,5b61aeaab5cb76002ce28975,0
Islington,51.5471563,-0.10169369087559156,SSÄM - Korean Dining,51.551730484652616,-0.11120447838982718,Korean Restaurant,58c130fbf2299537e0f79b12,2
Islington,51.5471563,-0.10169369087559156,OA Comtam,51.55264683879258,-0.1122469971134193,Vietnamese Restaurant,53ee5160498ec633fe2e61d5,2
Islington,51.5471563,-0.10169369087559156,Xi'an Impression,51.553858,-0.110306,Shaanxi Restaurant,55a554b2498e1727ae7fcb35,1
Islington,51.5471563,-0.10169369087559156,Farang,51.55691880209872,-0.09789671287586578,Thai Restaurant,58b5e634f22995451994dc57,2
Islington,51.5471563,-0.10169369087559156,Akari,51.540630621528756,-0.09582973009562312,Japanese Restaurant,4b09aacff964a5204b1b23e3,2
Islington,51.5471563,-0.10169369087559156,Salut!,51.54582604063006,-0.08743332803863782,Modern European Restaurant,56c221d0cd10414e99bdf43e,0
Islington,51.5471563,-0.10169369087559156,Primeur,51.554494141478386,-0.09020779460044806,Restaurant,5381f8e0498eaf0c790790ba,2
Islington,51.5471563,-0.10169369087559156,Perilla,51.552222,-0.085925,Modern European Restaurant,57dae5ac498e120a8ef82567,0
Islington,51.5471563,-0.10169369087559156,Saponara,51.53687523712736,-0.09612145254292304,Italian Restaurant,4bea81c5b3352d7f0a3655d2,2
Islington,51.5471563,-0.10169369087559156,Zen Mondo,51.53698597847207,-0.1032101803980794,Japanese Restaurant,5075c115e4b0b3804c80593c,2
Islington,51.5471563,-0.10169369087559156,Sariyer Balik,51.553395118361514,-0.08805138125962236,Turkish Restaurant,4b785f6cf964a5203ec92ee3,2
Islington,51.5471563,-0.10169369087559156,Afghan Kitchen,51.535759999999996,-0.10297269,Afghan Restaurant,4ac518d5f964a520f7a720e3,2
Islington,51.5471563,-0.10169369087559156,Sushi Show,51.53535115967225,-0.10342334530603922,Sushi Restaurant,5447b069498e840cc898ff6d,2
Islington,51.5471563,-0.10169369087559156,Sambal Shiok,51.549933,-0.10897000000000001,Malay Restaurant,5b200b6773fe25002c49accc,2
Islington,51.5471563,-0.10169369087559156,Beyti,51.55478620154697,-0.08924797028949827,Middle Eastern Restaurant,4bdf39d917fdef3bd9bb4e36,2
Islington,51.5471563,-0.10169369087559156,Au Lac,51.55717844985834,-0.09802780879950662,Vietnamese Restaurant,4b589fadf964a520f66128e3,2
Tower Hamlets,51.51456185,-0.03501226201922958,Kirvem,51.51268686580226,-0.0377649052306332,Turkish Restaurant,587ba42924ca6a29fc0989bc,2
Tower Hamlets,51.51456185,-0.03501226201922958,Verdi's,51.522172702273004,-0.0446402904953977,Italian Restaurant,53d8de71498e3d1f727ef5c6,2
Tower Hamlets,51.51456185,-0.03501226201922958,Ariana Iranian Restaurant,51.521316999999996,-0.033542699999999995,Persian Restaurant,4be9a35b62c0c928b6e3dfd4,2
Tower Hamlets,51.51456185,-0.03501226201922958,Ibérica,51.505607,-0.02205,Spanish Restaurant,4ece36856c2510acde6a49c5,1
Tower Hamlets,51.51456185,-0.03501226201922958,Sticks'n'Sushi,51.506178000000006,-0.018287,Sushi Restaurant,55412714498eba342dfd063f,2
Tower Hamlets,51.51456185,-0.03501226201922958,ShanShuiJian 山水間,51.512791463747966,-0.0407463577890736,Chinese Restaurant,533f18f0498e8a823bf83e1c,1
Tower Hamlets,51.51456185,-0.03501226201922958,Bathak,51.51202270003518,-0.028106868267059326,Pakistani Restaurant,4fdb814fc2eeaf36d0b58be8,0
Tower Hamlets,51.51456185,-0.03501226201922958,La Figa,51.51011993264322,-0.039143770153001,Italian Restaurant,4b98124ef964a5205e2a35e3,2
Tower Hamlets,51.51456185,-0.03501226201922958,Efes,51.521652,-0.046892054,Turkish Restaurant,56e18eb5cd100cbb1c74bb01,2
Tower Hamlets,51.51456185,-0.03501226201922958,Ippudo,51.505982232648726,-0.0181414821084171,Ramen Restaurant,559c11bf498ed4530b93b8c4,2
Tower Hamlets,51.51456185,-0.03501226201922958,Roka,51.50482694752815,-0.01873474655248308,Japanese Restaurant,4b48796cf964a520eb4d26e3,3
Tower Hamlets,51.51456185,-0.03501226201922958,Chai Ki,51.50592843163335,-0.017871582771979786,Indian Restaurant,5559def5498ebd33e55b3478,2
Tower Hamlets,51.51456185,-0.03501226201922958,Bokan 39 (Bōkan),51.50117947609658,-0.023380815982818604,Modern European Restaurant,58ac7b436431e5283d7c0286,0
Tower Hamlets,51.51456185,-0.03501226201922958,Noodle Street,51.50962494339932,-0.02440167463578732,Asian Restaurant,4be1e89e87e42d7f2e49880b,2
Tower Hamlets,51.51456185,-0.03501226201922958,Maureen's Pie & Mash Shop,51.512949950616076,-0.015261033164971972,English Restaurant,4ba4d111f964a5209ab738e3,0
Tower Hamlets,51.51456185,-0.03501226201922958,Palmers Restaurant,51.530222034048215,-0.04278155195601645,Restaurant,4b7f0b2ff964a5206b1230e3,2
Tower Hamlets,51.51456185,-0.03501226201922958,Gaucho,51.50548267959635,-0.028128603494060756,Argentinian Restaurant,4b479790f964a520a93626e3,4
Tower Hamlets,51.51456185,-0.03501226201922958,Neama,51.501315999999996,-0.023851,Italian Restaurant,5b76ce4a018cbb002ccd405e,2
Tower Hamlets,51.51456185,-0.03501226201922958,Boisdale of Canary Wharf,51.50529160980178,-0.022458056912148985,Restaurant,4da4b31e2538d7ce7bad465c,3
Tower Hamlets,51.51456185,-0.03501226201922958,Wahaca,51.5046794914086,-0.01876535878125644,Mexican Restaurant,4b09997cf964a520251a23e3,2
Lewisham,51.45343165,-0.012510531510678024,Everest Curry King,51.46601161024592,-0.019656034700388247,Sri Lankan Restaurant,50a10407498efdffc82b15a7,0
Lewisham,51.45343165,-0.012510531510678024,Levante Pide Restaurant,51.45984826411306,-0.011476481770328631,Turkish Restaurant,4d56efce9e508cfa8dee149b,2
Lewisham,51.45343165,-0.012510531510678024,Côte Brasserie,51.467378162360795,0.007176257713256991,French Restaurant,50c5e8e8e4b049cab1a7a58b,3
Lewisham,51.45343165,-0.012510531510678024,Babur,51.44738955730938,-0.04183098949219809,Indian Restaurant,4ac518e0f964a52030aa20e3,3
Lewisham,51.45343165,-0.012510531510678024,Buenos Aires Cafe,51.46725985290514,0.007082625289599424,Argentinian Restaurant,4b9ba052f964a520a21436e3,2
Lewisham,51.45343165,-0.012510531510678024,Levante restaurant,51.46207211451613,-0.009490926926344812,Restaurant,4b640ce6f964a520ee9c2ae3,2
Lewisham,51.45343165,-0.012510531510678024,Malaysian Deli,51.455769834147695,-0.03647278909562534,Malay Restaurant,516c0f4ce4b0209bc53d2c5c,1
Lewisham,51.45343165,-0.012510531510678024,Meze Mangal,51.46949340691928,-0.02765590551113475,Turkish Restaurant,52ab7152498ed9c9cd5b9bbf,2
Lewisham,51.45343165,-0.012510531510678024,Saka Maka,51.464826,-0.036437,Indian Restaurant,58cef2874bc2f1351e634811,2
Lewisham,51.45343165,-0.012510531510678024,Masala Wala,51.465651802921094,-0.036007021206329065,Pakistani Restaurant,5500757c498efaf63547f4d9,0
Lewisham,51.45343165,-0.012510531510678024,Full Nelson,51.474699,-0.025303,Vegetarian / Vegan Restaurant,58027d2338fa49ff8301bc9b,2
Lewisham,51.45343165,-0.012510531510678024,Mekan,51.44371831563636,-0.02032020456335627,Greek Restaurant,4c76e069947ca1cd76a44537,2
Lewisham,51.45343165,-0.012510531510678024,Le Querce,51.448047805292504,-0.041275405911631,Italian Restaurant,4b2babf0f964a520f5b824e3,2
Lewisham,51.45343165,-0.012510531510678024,Luciano's,51.45056650367855,0.012552638104894836,Italian Restaurant,51b37173498e208326bb7c19,2
Lewisham,51.45343165,-0.012510531510678024,The Spice Of Life,51.458653999999996,0.002613,Indian Restaurant,4ba388c8f964a520294538e3,2
Lewisham,51.45343165,-0.012510531510678024,Turkuaz,51.4353203897812,-0.017901890774046518,Turkish Restaurant,4b9ce8faf964a520da8136e3,2
Lewisham,51.45343165,-0.012510531510678024,Marcella,51.479605,-0.026249,Italian Restaurant,5931aba9e65d0c4629fb2c7f,2
Haringey,51.58792985,-0.10541010599099046,Gökyüzü Restaurant,51.58050990821005,-0.0992588599367196,Turkish Restaurant,4bbb3ff9b35776b0eeb6cb01,2
Haringey,51.58792985,-0.10541010599099046,Hala Restaurant,51.58033039178035,-0.09926999832254388,Turkish Restaurant,4d4484814e5d37046a8cec93,2
Haringey,51.58792985,-0.10541010599099046,Tarshish Mediterranean Grill,51.59118368576225,-0.10398689425786754,Mediterranean Restaurant,578933f0498e9404b04e7463,2
Haringey,51.58792985,-0.10541010599099046,Diyarbakir Kitchen,51.57887349529528,-0.09894999796533313,Turkish Restaurant,548c5af2498e031a7db96e17,2
Haringey,51.58792985,-0.10541010599099046,Durazzo pizzeria restaurant,51.5866174384204,-0.10093526196452893,Italian Restaurant,52cf040511d2aced970e6804,2
Haringey,51.58792985,-0.10541010599099046,Antepliler Doner,51.579477699798495,-0.09900865749643388,Turkish Restaurant,54ca2507498eecf4c83d899f,2
Haringey,51.58792985,-0.10541010599099046,Ezra's Kitchen,51.595336874091146,-0.10899176464834563,Mediterranean Restaurant,5720ce2e498ef17d3d65efda,2
Haringey,51.58792985,-0.10541010599099046,Kervan Restaurant,51.595201402934855,-0.1088986507809004,Turkish Restaurant,5278045611d273ebe597f957,2
Haringey,51.58792985,-0.10541010599099046,Olive,51.58719054219025,-0.12120584701056085,Mediterranean Restaurant,4bb86e7953649c74600347fb,2
Haringey,51.58792985,-0.10541010599099046,Banners,51.580752787534685,-0.12484174271134192,Caribbean Restaurant,4ac518e7f964a52035ab20e3,2
Haringey,51.58792985,-0.10541010599099046,Crystal Restaurant,51.596204461362966,-0.10910048837218084,Mediterranean Restaurant,4c38b9850a71c9b6d82d41c9,2
Haringey,51.58792985,-0.10541010599099046,Antepliler Restaurant,51.57934649373485,-0.09903193397331048,Turkish Restaurant,4bb8c9423db7b713109b219a,2
Haringey,51.58792985,-0.10541010599099046,Selale Restaurant,51.58314752945004,-0.09983987078804228,Turkish Restaurant,4c8b68471797236ae8966a88,2
Haringey,51.58792985,-0.10541010599099046,Durak Tantuni,51.58630716487976,-0.09486419745664967,Turkish Restaurant,4efb4dcde30093067387d6b6,2
Haringey,51.58792985,-0.10541010599099046,Bar Esteban,51.58089915098657,-0.12518114772492447,Spanish Restaurant,515204bfe4b02b6793ec3ce0,1
Haringey,51.58792985,-0.10541010599099046,Nickel,51.577255,-0.12333803,Restaurant,57efc0bd498e407ba04cdaf5,2
Haringey,51.58792985,-0.10541010599099046,Antepliler künefe salonu,51.57940962650521,-0.09909943369906192,Turkish Restaurant,5134f0b2e4b006d9e1bfeb79,2
Haringey,51.58792985,-0.10541010599099046,Diyarbakır Restaurant,51.577846275610895,-0.09878966236807964,Turkish Restaurant,4f44fb71e4b0c24ce30c97e1,1
Haringey,51.58792985,-0.10541010599099046,Petek,51.568350377991536,-0.11018047298862704,Turkish Restaurant,4b085006f964a520c20823e3,2
Haringey,51.58792985,-0.10541010599099046,Jai Krishna,51.570071,-0.11431500000000001,Indian Restaurant,4b673af5f964a520a6422be3,2
Haringey,51.58792985,-0.10541010599099046,Nando's,51.5968938,-0.1086684,Portuguese Restaurant,4b965e5af964a5206fc834e3,2
Haringey,51.58792985,-0.10541010599099046,La Fabrica,51.56768655492695,-0.1091568777704916,Tapas Restaurant,54fa0390498ea02237d9cbf1,3
Haringey,51.58792985,-0.10541010599099046,Granary Thai Cafe,51.570227,-0.114684,Thai Restaurant,584efef1d439075d55d01de9,2
Haringey,51.58792985,-0.10541010599099046,Melange,51.58121746207241,-0.12190511604999292,French Restaurant,4fc28430e4b04d2e07436b6f,2
Haringey,51.58792985,-0.10541010599099046,Osteria Tufo,51.56582103864204,-0.1101473853343282,Italian Restaurant,51f01f0c498ecbc1c25a8731,2
Haringey,51.58792985,-0.10541010599099046,Pasta Remoli,51.565623935639934,-0.10812856248843382,Italian Restaurant,554cfe1a498ea735c70cc692,2
Haringey,51.58792985,-0.10541010599099046,Dotori,51.56480186765731,-0.1050412893136036,Korean Restaurant,4b104518f964a520be6c23e3,2
Haringey,51.58792985,-0.10541010599099046,Big Bowl Noodle,51.589042849122144,-0.07980500882754868,Chinese Restaurant,4f197731e4b0b62f9b514411,1
Haringey,51.58792985,-0.10541010599099046,San Marco,51.59425569909597,-0.07007692483325334,Italian Restaurant,4cfa3821c671721ed908bc18,2
Lambeth,51.46021835000001,-0.12144520444792432,Boqueria,51.45984683605465,-0.12720966948388693,Tapas Restaurant,4ee7c7320e01e8843f196dae,3
Lambeth,51.46021835000001,-0.12144520444792432,Okan,51.462509823947784,-0.11179504195325424,Okonomiyaki Restaurant,4de6328f2271f377c2a3e1ad,1
Lambeth,51.46021835000001,-0.12144520444792432,Gremio de Brixton,51.45985792818611,-0.11603766032885382,Tapas Restaurant,5154034f80557435e26dad07,3
Lambeth,51.46021835000001,-0.12144520444792432,Wahaca,51.46291721439089,-0.11379502171446425,Mexican Restaurant,543d5cf8498ed35114c2ae4f,1
Lambeth,51.46021835000001,-0.12144520444792432,"Fish, Wings & Tings",51.46208736728976,-0.11152854737610098,Caribbean Restaurant,4fd365bee4b0dde49617482e,2
Lambeth,51.46021835000001,-0.12144520444792432,Sappho Meze Bar,51.46510757948787,-0.1299496474738779,Greek Restaurant,4bc3712c74a9a593698ed4f6,2
Lambeth,51.46021835000001,-0.12144520444792432,Negril,51.452631213277165,-0.12108664074229172,Caribbean Restaurant,4adeffeef964a5200b7721e3,2
Lambeth,51.46021835000001,-0.12144520444792432,Koi Ramen Noodle Bar,51.463478578000014,-0.11235904547194676,Ramen Restaurant,53dcd9a9498effcb403f50f0,0
Lambeth,51.46021835000001,-0.12144520444792432,Upstairs At The Department Store,51.46418376953569,-0.1155658770166044,Restaurant,59dd2b61d8fe7a0384dab4de,2
Lambeth,51.46021835000001,-0.12144520444792432,Kricket,51.462492,-0.11263699999999999,Indian Restaurant,5af99aa331fd14002c9587b4,2
Lambeth,51.46021835000001,-0.12144520444792432,Eat Of Eden,51.46212,-0.11176463,Vegetarian / Vegan Restaurant,59bd8255a4236259f0d852bb,2
Lambeth,51.46021835000001,-0.12144520444792432,Rum Kitchen,51.46158336509031,-0.11388995891057035,Caribbean Restaurant,578e652ccd10199acb3f8da5,2
Lambeth,51.46021835000001,-0.12144520444792432,Courtesan Dim Sum,51.46115994755114,-0.11122012921135564,Dim Sum Restaurant,4fa44009e4b0cfe54c0e2cfb,2
Lambeth,51.46021835000001,-0.12144520444792432,The Dairy,51.46177309241097,-0.13965749875026226,Restaurant,5154c897e4b032661a9599c2,2
Lambeth,51.46021835000001,-0.12144520444792432,Trinity,51.46360091977565,-0.14173627327588906,French Restaurant,4b4cbb25f964a5203dbc26e3,3
Lambeth,51.46021835000001,-0.12144520444792432,Nanban,51.461562591918046,-0.11394156577397355,Japanese Restaurant,56103210498e019c813c0214,2
Lambeth,51.46021835000001,-0.12144520444792432,Olives 'n' Meze,51.46261984824201,-0.13569984407928914,Turkish Restaurant,53f379c0498e486e0d8cb97f,2
Lambeth,51.46021835000001,-0.12144520444792432,Tokyo Retro,51.454587993117656,-0.13965004754211566,Japanese Restaurant,532456d1498ea72a7dd6da5d,2
Lambeth,51.46021835000001,-0.12144520444792432,Bistro Union,51.4543814946221,-0.13988732409507973,Restaurant,4f36cda5e4b00af1794f9e73,2
Lambeth,51.46021835000001,-0.12144520444792432,Llewelyn's,51.453205,-0.102675,Restaurant,58f0e5b193bd634eff3fcbd4,2
Lambeth,51.46021835000001,-0.12144520444792432,Mommi,51.4639602340379,-0.13240512783496444,Japanese Restaurant,558457be498eca16bb2fb55b,2
Lambeth,51.46021835000001,-0.12144520444792432,hood,51.43983876618372,-0.12575597502412894,English Restaurant,54f76497498eab131ee9d0f8,0
Southwark,51.46542615,-0.06915364074540524,Artusi,51.466729696669674,-0.07284656623155056,Italian Restaurant,53369f55498ec0b8cac28896,2
Southwark,51.46542615,-0.06915364074540524,Miss Tapas,51.46796262816455,-0.06908297538757324,Tapas Restaurant,54c3f04c498ed4cc073a7e05,3
Southwark,51.46542615,-0.06915364074540524,Mr Bao,51.465824,-0.06589400000000001,Chinese Restaurant,56994b03498e09226e6d2bd1,1
Southwark,51.46542615,-0.06915364074540524,Coal Rooms,51.47007750461525,-0.06929550600431446,Restaurant,59a1c8dbdd70c50f52b84f96,2
Southwark,51.46542615,-0.06915364074540524,Peckham Bazaar,51.467748221715965,-0.061927028762744314,Mediterranean Restaurant,520696e111d265b50d19178f,2
Southwark,51.46542615,-0.06915364074540524,Cravings La Carreta,51.466074,-0.066755,Mexican Restaurant,575367c3cd10a298348ebc8a,1
Southwark,51.46542615,-0.06915364074540524,Ganapati,51.46963399119562,-0.07292398157248463,Indian Restaurant,4ae2be59f964a520658f21e3,2
Southwark,51.46542615,-0.06915364074540524,Pedler,51.465041,-0.06665800000000001,Restaurant,54a6a2dd498e959269afc843,2
Southwark,51.46542615,-0.06915364074540524,Yadas,51.470575,-0.068536,Middle Eastern Restaurant,559706c9498e77c40c918771,2
Southwark,51.46542615,-0.06915364074540524,Forza Win,51.469865000000006,-0.065682,Italian Restaurant,53beffe2498ea426b89d0ba7,2
Southwark,51.46542615,-0.06915364074540524,Babette,51.46403,-0.062026,French Restaurant,5894d71518384c317714d446,3
Southwark,51.46542615,-0.06915364074540524,Oi Spaghetti + tiramisu,51.469782,-0.066314,Italian Restaurant,56a278a4498e36e13dda805f,2
Southwark,51.46542615,-0.06915364074540524,Blue Brick Cafe,51.456916232146966,-0.07327407362572702,Vegetarian / Vegan Restaurant,4cdea7d43644a093915e4d9f,2
Southwark,51.46542615,-0.06915364074540524,Kudu,51.473889,-0.059369000000000005,African Restaurant,5a63310ca92d9807679ec024,2
Southwark,51.46542615,-0.06915364074540524,Silk Road,51.473819517810604,-0.0892841684333542,Xinjiang Restaurant,4bedad6ae24d20a1ebd07114,2
Southwark,51.46542615,-0.06915364074540524,FM Mangal,51.47381963065321,-0.08940421137211664,Turkish Restaurant,4b44dc1ef964a5207ffe25e3,2
Southwark,51.46542615,-0.06915364074540524,Zeret Kitchen,51.47862558552337,-0.09437835211676653,Ethiopian Restaurant,4b64917af964a52075be2ae3,2
Southwark,51.46542615,-0.06915364074540524,The Rosemary,51.47480950417879,-0.0465970083477194,Hungarian Restaurant,551aabec498e528300f2c690,0
Southwark,51.46542615,-0.06915364074540524,Rocca,51.44923236432431,-0.08515756266426021,Italian Restaurant,4d84fe1081fdb1f7bc4108c0,2
Waltham Forest,51.59816935,-0.017836674610487067,Buhler + Co.,51.59054938653556,-0.01725926283581863,Vegetarian / Vegan Restaurant,56fbc872498eb0370bf42779,2
Waltham Forest,51.59816935,-0.017836674610487067,Gokyuzu Restaurant,51.605024675718575,-0.025107216676673764,Turkish Restaurant,560ae188498e1cd1c3a1b2c6,2
Waltham Forest,51.59816935,-0.017836674610487067,Yasar Kebab & Steak,51.587448445779565,-0.04040529675376248,Middle Eastern Restaurant,4c27b48f97d00f4769c03eea,2
Waltham Forest,51.59816935,-0.017836674610487067,Etles Uyghur Restaurant,51.581768,-0.018297,Halal Restaurant,58c84b46102f477e0152a10c,0
Waltham Forest,51.59816935,-0.017836674610487067,Eat 17,51.582511163200465,-0.01303445646217313,Restaurant,4ae9e5b6f964a5206bb721e3,2
Waltham Forest,51.59816935,-0.017836674610487067,The Village Kitchen,51.582638,-0.01217857,Restaurant,4bb0f78af964a520956e3ce3,2
Waltham Forest,51.59816935,-0.017836674610487067,Orford Saloon,51.58246457993882,-0.01309956335430792,Tapas Restaurant,4ad06fdcf964a5200fd820e3,3
Waltham Forest,51.59816935,-0.017836674610487067,Super Sushi,51.61976923261454,-0.01711569656022751,Japanese Restaurant,52b5a737498e007c72888b4d,2
Waltham Forest,51.59816935,-0.017836674610487067,Pizzeria Bel Sit,51.609914058644094,0.021767827769440886,Italian Restaurant,4dc5a461c65b89d3ca746bb1,2
Waltham Forest,51.59816935,-0.017836674610487067,Nando's,51.5848893,-0.0205103,Portuguese Restaurant,54760c38498e2e7d1243e965,2
Waltham Forest,51.59816935,-0.017836674610487067,Hornbeam Cafe,51.576054,-0.015023053,Vegetarian / Vegan Restaurant,4c78f5163badb1f7895c4d54,2
Waltham Forest,51.59816935,-0.017836674610487067,San Marco,51.59425569909597,-0.07007692483325334,Italian Restaurant,4cfa3821c671721ed908bc18,2
Waltham Forest,51.59816935,-0.017836674610487067,Rosso,51.60741771826939,0.03302991001286006,Italian Restaurant,4b8d6cb6f964a520f9fa32e3,2
Waltham Forest,51.59816935,-0.017836674610487067,The Olive,51.56865622025146,0.009071193392890095,Mediterranean Restaurant,4b9e9372f964a5209df036e3,2
Waltham Forest,51.59816935,-0.017836674610487067,Ark Fish Restaurant,51.58788234747664,0.028132737691379563,Seafood Restaurant,4b4f1d12f964a52090fa26e3,2
Waltham Forest,51.59816935,-0.017836674610487067,Köyüm,51.60390892011888,-0.06794429884991947,Mediterranean Restaurant,509e4a2ae4b0fe0aa51bf80f,2
Waltham Forest,51.59816935,-0.017836674610487067,Meze Ocakbasi,51.60944,0.022446999999999998,Turkish Restaurant,51a7a22f498e272c02e59b01,2
Waltham Forest,51.59816935,-0.017836674610487067,The White Swan,51.607671999999994,0.033741,Chinese Restaurant,4d45c8dcbf61a1cdeaa216ac,1
Waltham Forest,51.59816935,-0.017836674610487067,Nando's,51.59538189999999,0.022355200000000002,Portuguese Restaurant,5d7f87671361e20008994ca4,2
Brent,51.5638258,-0.2757596561855699,Wembley Tandoori Restaurant,51.56206295409604,-0.2815721266214175,Indian Restaurant,4c1d4a31b306c9289e5765b7,2
Brent,51.5638258,-0.2757596561855699,Las Iguanas,51.556490000000004,-0.284167,Latin American Restaurant,5269785811d21ed3ff95f5fc,2
Brent,51.5638258,-0.2757596561855699,Bobby Moore Club,51.55714026145562,-0.2796102644320072,Restaurant,4c62e18f69a1c9b622ba39a4,2
Brent,51.5638258,-0.2757596561855699,Station 31,51.5526387164616,-0.2850452910636171,Indian Restaurant,523c7fe0498eef0d13a572c8,2
Brent,51.5638258,-0.2757596561855699,Beit El Zaytoun,51.53433015072995,-0.2616389965689309,Middle Eastern Restaurant,586f958902b60e3b6986b898,2
Brent,51.5638258,-0.2757596561855699,Shayona,51.54792011828529,-0.2625405115450492,Indian Restaurant,4bbde11a593fef3b6ef00356,2
Brent,51.5638258,-0.2757596561855699,Nando's,51.58505587,-0.28093998,Portuguese Restaurant,4ba4c6e5f964a520deb338e3,2
Brent,51.5638258,-0.2757596561855699,Palm Beach,51.55135064883845,-0.2986473017186863,Indian Restaurant,4cb0c630db32f04d8bd6c24d,1
Brent,51.5638258,-0.2757596561855699,The Regency Club,51.59421078261079,-0.2845472811023188,Indian Restaurant,4b00c2b8f964a520014122e3,2
Brent,51.5638258,-0.2757596561855699,Golden Dragon,51.593239757240326,-0.2594213428655437,Chinese Restaurant,5960eb8281635b657dfa8537,1
Brent,51.5638258,-0.2757596561855699,Karahi King,51.56260956291339,-0.3058894694915174,Indian Restaurant,4bed93f491380f47541ea018,2
Brent,51.5638258,-0.2757596561855699,Maru Bhajias,51.54387336427429,-0.297199965905004,Indian Restaurant,4bf67c50d4cdb713d15b84fe,2
Brent,51.5638258,-0.2757596561855699,The Social,51.54812652468828,-0.22291773963241335,Tapas Restaurant,54bbec98498ee20b9c54118c,3
Brent,51.5638258,-0.2757596561855699,Ahwangy,51.527159999999995,-0.267259,Middle Eastern Restaurant,57863316498ee5aea2be0917,2
Brent,51.5638258,-0.2757596561855699,Blue Ginger Bar & Restaurant,51.5871371718395,-0.3024924670980585,Indian Restaurant,4b5877faf964a520365928e3,2
Brent,51.5638258,-0.2757596561855699,K Cook,51.583872355830934,-0.2282005276851017,Korean Restaurant,533f4a2e498ea0d77561a4f6,2
Brent,51.5638258,-0.2757596561855699,Roosters Piri Piri,51.547525147585276,-0.2263132973161679,Fast Food Restaurant,54600ccf498e36ee549c10ec,2
Brent,51.5638258,-0.2757596561855699,Beirut Nights,51.529910758295095,-0.26913694432730034,Lebanese Restaurant,4fc385a5e4b09b4ea9ca86a6,0
Brent,51.5638258,-0.2757596561855699,wagamama,51.5566666,-0.28322359999999996,Asian Restaurant,5266a4d3498e1272f05d1a4d,2
Brent,51.5638258,-0.2757596561855699,Nando's,51.52526612147743,-0.28049745278778604,Portuguese Restaurant,4c4e8e8ddb2c20a1d1439674,2
Brent,51.5638258,-0.2757596561855699,Kenton Kebab House,51.581812,-0.317404,Fast Food Restaurant,4dcf02a3d22deadedd61c590,2
Brent,51.5638258,-0.2757596561855699,Carluccio's,51.5762387567679,-0.22190029512328016,Italian Restaurant,4c309206a0ced13a7a4d126e,2
Brent,51.5638258,-0.2757596561855699,Reindeer Café,51.567048688739774,-0.2284040959486049,Chinese Restaurant,4fd8d3c2e4b05a675e9f09a6,1
Brent,51.5638258,-0.2757596561855699,Sushi Masa,51.548497999999995,-0.222167,Sushi Restaurant,56b3972b498ee890dbababad,2
Brent,51.5638258,-0.2757596561855699,Rose,51.585705490359885,-0.2769232414960951,Indian Restaurant,4c0cea20d64c0f47c3d6255d,2
Brent,51.5638258,-0.2757596561855699,Nando's,51.57693437315196,-0.22402799107371035,Portuguese Restaurant,4c383f27dfb0e21e3f47aea8,2
Brent,51.5638258,-0.2757596561855699,Mezzoroma Lounge,51.54835691996347,-0.2223682807592291,Restaurant,4f61fd0be4b08e537e381946,1
Greenwich,51.4686295,0.0488382866312719,The Lale Restaurant,51.45094147813716,0.05145458614484553,Fast Food Restaurant,4c4b72295609c9b693612091,1
Greenwich,51.4686295,0.0488382866312719,Côte Brasserie,51.467378162360795,0.007176257713256991,French Restaurant,50c5e8e8e4b049cab1a7a58b,3
Greenwich,51.4686295,0.0488382866312719,Buenos Aires Cafe,51.46725985290514,0.007082625289599424,Argentinian Restaurant,4b9ba052f964a520a21436e3,2
Greenwich,51.4686295,0.0488382866312719,Kailash Momo Restaurant,51.48899,0.06738547,Asian Restaurant,4ef2461b93adff223e479e05,2
Greenwich,51.4686295,0.0488382866312719,EaTurkish,51.486667,0.020182,Doner Restaurant,58b6f4e0fc73d40233fdc7d4,0
Greenwich,51.4686295,0.0488382866312719,Sefa,51.484523864417156,0.002536717924439898,Turkish Restaurant,5547c23b498e6091e28489a4,2
Greenwich,51.4686295,0.0488382866312719,Midpoint,51.486043,-0.0009109999999999999,Turkish Restaurant,5b12c87a12f0a9002ce1dc18,2
Greenwich,51.4686295,0.0488382866312719,Zaibatsu,51.48409493527154,0.0013760901353406733,Japanese Restaurant,50fab2e88302dc79fced74a3,2
Greenwich,51.4686295,0.0488382866312719,Con Gusto,51.49503801181306,0.07068157196044922,Italian Restaurant,58681bde76f2ca03426c1b5d,2
Greenwich,51.4686295,0.0488382866312719,Viet Baguette,51.488502251121844,0.0678082751603822,Vietnamese Restaurant,4c94a5576b35a143c5201ddc,2
Greenwich,51.4686295,0.0488382866312719,Luciano's,51.45056650367855,0.012552638104894836,Italian Restaurant,51b37173498e208326bb7c19,2
Greenwich,51.4686295,0.0488382866312719,Sticks'n'Sushi,51.4812,-0.008296,Sushi Restaurant,54caa6f9498e6c4d94e01bcd,2
Greenwich,51.4686295,0.0488382866312719,Champagne + Fromage,51.48128483757151,-0.00985622628090847,French Restaurant,559ffc04498e98f115646f1c,3
Greenwich,51.4686295,0.0488382866312719,Eatfan,51.497219,0.011559999999999999,Asian Restaurant,5bcb1fbec0af57002c190af5,2
Enfield,51.64874005,-0.08097999953626095,Kervan Sofrasi,51.6307707366944,-0.05572683615820742,Middle Eastern Restaurant,4c7802d9bd346dcbe7a8f0ef,2
Enfield,51.64874005,-0.08097999953626095,Aksular Restaurant Enfield Town,51.65253293848225,-0.08065439293130425,Turkish Restaurant,576c0e79498e86867195bbb9,2
Enfield,51.64874005,-0.08097999953626095,Nando's,51.652140879829346,-0.08104121807912898,Portuguese Restaurant,4c713b5edf6b8cfa7565ba4d,2
Enfield,51.64874005,-0.08097999953626095,Fantozzi,51.633449139684494,-0.13129965140297453,Italian Restaurant,4c86a53ffa65199cfcc4b816,2
Enfield,51.64874005,-0.08097999953626095,Kervan Sofrasi,51.625549824084594,-0.06477015083258286,Turkish Restaurant,4bd7270b7b1876b096be8d86,2
Enfield,51.64874005,-0.08097999953626095,kosk restaurant,51.633242711286236,-0.05404500631672261,Turkish Restaurant,573af36b498e7a1bb2890de4,2
Enfield,51.64874005,-0.08097999953626095,90 On The Green,51.619465000000005,-0.11411123,Restaurant,592da4978d0a535029e26841,2
Enfield,51.64874005,-0.08097999953626095,Kervan Sofrasi,51.63400584412574,-0.1333950677380988,Turkish Restaurant,52e15173498e6859849289a3,2
Enfield,51.64874005,-0.08097999953626095,Aksular Restaurant,51.617124271279394,-0.10905404931080268,Turkish Restaurant,4bd5bf1b637ba593f8e8f670,2
Enfield,51.64874005,-0.08097999953626095,Nostos Taverna,51.611494116240046,-0.10933420283103627,Greek Restaurant,514e3ebce4b067954acb7948,2
Enfield,51.64874005,-0.08097999953626095,Super Sushi,51.61976923261454,-0.01711569656022751,Japanese Restaurant,52b5a737498e007c72888b4d,2
Enfield,51.64874005,-0.08097999953626095,San Marco,51.59425569909597,-0.07007692483325334,Italian Restaurant,4cfa3821c671721ed908bc18,2
Enfield,51.64874005,-0.08097999953626095,Skewd Kitchen,51.650758705838136,-0.1494688544498921,Turkish Restaurant,50f87a8fe4b07237d2dc507b,2
Enfield,51.64874005,-0.08097999953626095,Köyüm,51.60390892011888,-0.06794429884991947,Mediterranean Restaurant,509e4a2ae4b0fe0aa51bf80f,2
Enfield,51.64874005,-0.08097999953626095,Deserie,51.65081397026467,-0.14935873816155798,Greek Restaurant,4de9457fb0fbcb7c9ad93459,2
Enfield,51.64874005,-0.08097999953626095,Ezra's Kitchen,51.595336874091146,-0.10899176464834563,Mediterranean Restaurant,5720ce2e498ef17d3d65efda,2
Enfield,51.64874005,-0.08097999953626095,Yasar Kebab & Steak,51.587448445779565,-0.04040529675376248,Middle Eastern Restaurant,4c27b48f97d00f4769c03eea,2
Enfield,51.64874005,-0.08097999953626095,Gökyüzü Restaurant,51.58050990821005,-0.0992588599367196,Turkish Restaurant,4bbb3ff9b35776b0eeb6cb01,2
Ealing,51.5250711,-0.3143119183884097,Pho,51.512969540167255,-0.30618213188816074,Vietnamese Restaurant,5640d385cd10e8b146ec0bf5,2
Ealing,51.5250711,-0.3143119183884097,Turtle Bay,51.51206495136599,-0.3047376821715376,Caribbean Restaurant,542f1244498ec001c608faa7,2
Ealing,51.5250711,-0.3143119183884097,Nando's,51.52526612147743,-0.28049745278778604,Portuguese Restaurant,4c4e8e8ddb2c20a1d1439674,2
Ealing,51.5250711,-0.3143119183884097,Atariya,51.51041725285089,-0.2880586483835502,Sushi Restaurant,4dc31b03ae608779d10086ef,2
Ealing,51.5250711,-0.3143119183884097,Blue Ocean,51.5260407738519,-0.3135824203491211,Fast Food Restaurant,4b6b309df964a5208af82be3,1
Ealing,51.5250711,-0.3143119183884097,Beit El Zaytoun,51.53433015072995,-0.2616389965689309,Middle Eastern Restaurant,586f958902b60e3b6986b898,2
Ealing,51.5250711,-0.3143119183884097,Tonkotsu,51.513039,-0.30593200000000004,Ramen Restaurant,5c005366f1936e002cb2070e,0
Ealing,51.5250711,-0.3143119183884097,Ahwangy,51.527159999999995,-0.267259,Middle Eastern Restaurant,57863316498ee5aea2be0917,2
Ealing,51.5250711,-0.3143119183884097,Villa Toscana,51.517369559658384,-0.2898422667404898,Italian Restaurant,4b48ffe8f964a5206a6126e3,2
Ealing,51.5250711,-0.3143119183884097,Al Enam,51.526263287483594,-0.2583665055013289,Middle Eastern Restaurant,5378b82411d2b5bc6bdbcfea,2
Ealing,51.5250711,-0.3143119183884097,Limeyard,51.51229699430289,-0.3046482506033499,Southern / Soul Food Restaurant,541c7160498ee81c3c9010a6,1
Ealing,51.5250711,-0.3143119183884097,Maru Bhajias,51.54387336427429,-0.297199965905004,Indian Restaurant,4bf67c50d4cdb713d15b84fe,2
Ealing,51.5250711,-0.3143119183884097,Beirut Nights,51.529910758295095,-0.26913694432730034,Lebanese Restaurant,4fc385a5e4b09b4ea9ca86a6,0
Ealing,51.5250711,-0.3143119183884097,Kiraku,51.51019482210496,-0.2874429941107188,Japanese Restaurant,4bb3980135f0c9b6329bbc83,2
Hammersmith and Fulham,51.49824335,-0.22782092336180795,Los Molinos,51.497437,-0.22248723,Tapas Restaurant,4b9cf1c1f964a520f68336e3,3
Hammersmith and Fulham,51.49824335,-0.22782092336180795,Poppy's,51.494477220745495,-0.2319420753736231,Thai Restaurant,55d5bfdf498e6941d31858da,2
Hammersmith and Fulham,51.49824335,-0.22782092336180795,eat TOKYO,51.49264121852725,-0.23278794833258604,Japanese Restaurant,509c2eeb498efdffc571b983,2
Hammersmith and Fulham,51.49824335,-0.22782092336180795,Falafel Hut,51.503084281983966,-0.22654578599514125,Falafel Restaurant,5038e18ae4b0c1904ed2c893,1
Hammersmith and Fulham,51.49824335,-0.22782092336180795,Mr Falafel,51.50541,-0.226764,Falafel Restaurant,4ba0d8fff964a520ea8137e3,1
Hammersmith and Fulham,51.49824335,-0.22782092336180795,Mahdi Restaurant,51.49291727471047,-0.23509582621175504,Persian Restaurant,4bdf03b6c3392d7ff1e39bd5,2
Hammersmith and Fulham,51.49824335,-0.22782092336180795,The Gate,51.490341255772925,-0.22535595932643274,Vegetarian / Vegan Restaurant,4c064c1a13b99c74e865aff3,2
Hammersmith and Fulham,51.49824335,-0.22782092336180795,Yoshi Sushi,51.49326396773304,-0.23599809315554035,Japanese Restaurant,4ac518e2f964a52086aa20e3,2
Hammersmith and Fulham,51.49824335,-0.22782092336180795,Harana Meze Bar & Restaurant,51.50460977665164,-0.22205462725147093,Turkish Restaurant,4dbdbc8e5da3ff58ec6aa37b,2
Hammersmith and Fulham,51.49824335,-0.22782092336180795,Ho-ja,51.502647730865995,-0.2250743577504824,Chinese Restaurant,54e899f4498e5de02b47419e,1
Hammersmith and Fulham,51.49824335,-0.22782092336180795,Patisserie Sainte-Anne,51.492988664629614,-0.2358112750451864,French Restaurant,53f5c410498ec2bab8f2a4ad,3
Hammersmith and Fulham,51.49824335,-0.22782092336180795,Zeit & Zaatar,51.50647835381535,-0.23377159189914135,Middle Eastern Restaurant,4cb8542bdd41a35d3fbed9a0,2
Hammersmith and Fulham,51.49824335,-0.22782092336180795,Al Forno,51.503498985591065,-0.22210933533956628,Italian Restaurant,4be46a89cf200f476bee113c,2
Hammersmith and Fulham,51.49824335,-0.22782092336180795,Ayam Zaman,51.50616410907271,-0.229493299560907,Middle Eastern Restaurant,508c3dcf498edfd6850eeaf7,2
Hammersmith and Fulham,51.49824335,-0.22782092336180795,Toro Gordo,51.49259418687095,-0.2301166660199997,Tapas Restaurant,53af0314498e3f6a6731cded,3
Hammersmith and Fulham,51.49824335,-0.22782092336180795,Donde Carlos Restaurant,51.50147122684954,-0.2314781370197692,Latin American Restaurant,513390e4e4b0680a8c3169f5,2
Hammersmith and Fulham,51.49824335,-0.22782092336180795,wagamama,51.4938681161926,-0.224097541560468,Asian Restaurant,51efe796498ecf0cbe72ea91,2
Hammersmith and Fulham,51.49824335,-0.22782092336180795,Master BAO,51.507294,-0.22115300000000002,Chinese Restaurant,5d03c79cd552c7002bf61761,1
Hammersmith and Fulham,51.49824335,-0.22782092336180795,Indian Zing,51.49323197544215,-0.2371172868760999,Indian Restaurant,4ac518e2f964a5207eaa20e3,1
Hammersmith and Fulham,51.49824335,-0.22782092336180795,Nando's,51.493407,-0.224255,Portuguese Restaurant,50bca574e4b019584ff99b7e,2
Hammersmith and Fulham,51.49824335,-0.22782092336180795,Wahaca,51.50651763212403,-0.2221237375220361,Mexican Restaurant,4bb9e43553649c74075948fb,2
Hammersmith and Fulham,51.49824335,-0.22782092336180795,Esarn Kheaw,51.50635289984354,-0.2320910838474799,Thai Restaurant,4b64a80af964a5200dc62ae3,2
Hammersmith and Fulham,51.49824335,-0.22782092336180795,Wasabi,51.492731396568786,-0.22759825302484435,Sushi Restaurant,52e271c4498eec3e42c7d054,2
Hammersmith and Fulham,51.49824335,-0.22782092336180795,Tian Fu,51.505547769109064,-0.22451916019663015,Chinese Restaurant,4bd9c3622e6f0f47a0de0b08,1
Hammersmith and Fulham,51.49824335,-0.22782092336180795,Shikumen,51.504032844070466,-0.2243318889754308,Chinese Restaurant,54359592498e558067620192,1
Hammersmith and Fulham,51.49824335,-0.22782092336180795,Leon,51.49209112994895,-0.22387622485154995,Fast Food Restaurant,56536c5b498edc1816b17aec,1
Hammersmith and Fulham,51.49824335,-0.22782092336180795,Alounak,51.5002551501436,-0.21101447149125446,Middle Eastern Restaurant,4bb6541d941ad13a23411fe3,2
Hammersmith and Fulham,51.49824335,-0.22782092336180795,Divina caffe,51.493421169397756,-0.2402299655071519,Italian Restaurant,4bd06a41b221c9b68696d3d0,2
Hounslow,51.46185455,-0.3799244833082561,Chini Chor,51.4734705944296,-0.3881728670461548,Indian Restaurant,4d84eec0f9f3a1cddb9fc064,2
Hounslow,51.46185455,-0.3799244833082561,Nando's,51.445011469733856,-0.4108753295053833,Portuguese Restaurant,4bef1e27ea570f4712f08ed2,2
Hounslow,51.46185455,-0.3799244833082561,Zam Zam,51.479399,-0.410883,Pakistani Restaurant,57b720e4498eebea2759fb71,0
Hounslow,51.46185455,-0.3799244833082561,Al Boccon Di’vino,51.45960736763024,-0.30477187615200724,Italian Restaurant,4b71c26df964a520cd5a2de3,2
Hounslow,51.46185455,-0.3799244833082561,Pho Saigon,51.44790472000636,-0.3261606027178285,Vietnamese Restaurant,4f2d8915e4b083c42755ff59,2
Hounslow,51.46185455,-0.3799244833082561,Caviar House & Prunier,51.46980741996773,-0.4482046444102359,Seafood Restaurant,53a1a6c6498ea185a5d25730,3
Hounslow,51.46185455,-0.3799244833082561,Tangawizi,51.45611590029622,-0.30922661394956713,Indian Restaurant,4c4d89e2fa9d95214a91ff09,1
Hounslow,51.46185455,-0.3799244833082561,Imperial China Restaurant,51.43246026644718,-0.347984366413846,Chinese Restaurant,4ae9e472f964a5205db721e3,2
Hounslow,51.46185455,-0.3799244833082561,Cafe Restaurante Moniz,51.479979197239494,-0.4131275790274265,Portuguese Restaurant,4e3ac92862e10c0843da6574,2
Hounslow,51.46185455,-0.3799244833082561,Syon Lounge,51.47977632054676,-0.31560141443599954,Asian Restaurant,579680bc498e1e6deb2ab2ea,2
Hounslow,51.46185455,-0.3799244833082561,Rustica,51.462545925410474,-0.3025944000301949,Italian Restaurant,4b0c3569f964a520f03823e3,2
Hounslow,51.46185455,-0.3799244833082561,No. 1 Duke Street,51.461412357475965,-0.3038279093794699,Restaurant,56478d2d498efa9514931fcd,2
Hounslow,51.46185455,-0.3799244833082561,Stein's Bavarian Restaurant,51.455520512382144,-0.3039367538391328,German Restaurant,4ba1135cf964a520509537e3,2
Hounslow,51.46185455,-0.3799244833082561,Piazza Firenze,51.426557859424456,-0.3564633596771042,Italian Restaurant,4c14c891a1010f476bec4c18,2
Hounslow,51.46185455,-0.3799244833082561,Gaucho,51.45636489910371,-0.3048052484428981,Argentinian Restaurant,4bf68e8f94b2a593a7a2adee,4
Hounslow,51.46185455,-0.3799244833082561,Harlington Tandoori,51.48530168405244,-0.434679183010066,Indian Restaurant,4d1f81d95acaa35d5968c035,2
Hounslow,51.46185455,-0.3799244833082561,Saravana Bhavan,51.507286577716656,-0.3781622330643564,Indian Restaurant,50377c2fe4b06e2fb1a8881c,2
Hounslow,51.46185455,-0.3799244833082561,Siracusa,51.48289827068253,-0.3110802582229925,Italian Restaurant,4c5daa51857ca5933486cdcb,2
Hounslow,51.46185455,-0.3799244833082561,Hansel & Pretzel,51.43851896097159,-0.31348903448347354,German Restaurant,4c8e95d914fdb713decc32c4,2
Hounslow,51.46185455,-0.3799244833082561,Buenos Aires Argentine Steakhouse Richmond,51.461510352118175,-0.3029500794687267,Argentinian Restaurant,535027ef498e1727784c77ca,1
Croydon,51.35505915,-0.06431447691201968,Aqua Bar & Grill,51.36672805229652,-0.09894737644928683,Mediterranean Restaurant,4c7af47aa86837040564154d,3
Croydon,51.35505915,-0.06431447691201968,Little Bay,51.36221284124898,-0.09611178562925377,Eastern European Restaurant,4bec480e75b2c9b6bc43438d,2
Croydon,51.35505915,-0.06431447691201968,The Gold Coast Bar & Restaurant,51.39177138157308,-0.06633652235879549,African Restaurant,4b5a41def964a52002b828e3,2
Croydon,51.35505915,-0.06431447691201968,Hot Grill,51.38411236903354,-0.0979089710962731,Middle Eastern Restaurant,52fe95f1498eec3c1461684d,2
Croydon,51.35505915,-0.06431447691201968,Uncle Lim's Malaysian Kitchen,51.37521540025681,-0.10045385615353232,Malay Restaurant,4afed94cf964a520de3022e3,2
Croydon,51.35505915,-0.06431447691201968,Ristorante Pizzeria Sapore Vero,51.40828757331497,-0.025250561443221246,Italian Restaurant,50dc967ee4b0cc60e4d02c62,2
Croydon,51.35505915,-0.06431447691201968,Tai Tung Chinese Restaurant,51.3627991528706,-0.11907801605276995,Chinese Restaurant,4b5c2cbff964a520782629e3,1
Croydon,51.35505915,-0.06431447691201968,Café Latino (Mi Cocina es Tuya - Café Latino),51.41775651795489,-0.0820066733873647,Latin American Restaurant,4c1f1b9ce923ef3b09ae4e54,1
Croydon,51.35505915,-0.06431447691201968,Hibagon sushi & grill,51.431314460156365,-0.060063001137894416,Japanese Restaurant,5589a54e498e746c2a1709db,2
Croydon,51.35505915,-0.06431447691201968,A Torre,51.418851552595605,-0.08263961176134015,Portuguese Restaurant,4bb5040629269c747ff7ca92,2
Croydon,51.35505915,-0.06431447691201968,Dem Restaurant,51.419612,-0.083661,Turkish Restaurant,573ca498498ea2d4171cc002,2
Croydon,51.35505915,-0.06431447691201968,Las Fuentes,51.33851417037038,-0.11541090619681015,Tapas Restaurant,4b0d885af964a520614a23e3,3
Croydon,51.35505915,-0.06431447691201968,Joanna's,51.419643900845024,-0.08054438047518056,Restaurant,4bb9a219b35776b0270bca01,2
Croydon,51.35505915,-0.06431447691201968,Chapter One,51.36579243220046,0.053204041242202536,Molecular Gastronomy Restaurant,4b6de831f964a520d39a2ce3,4
Croydon,51.35505915,-0.06431447691201968,Havet,51.40618386892237,0.01352165486780187,Turkish Restaurant,50cf7f97e4b044ef7b70cefb,2
Croydon,51.35505915,-0.06431447691201968,Urban Orient,51.417150882472505,-0.08160993235132655,Vietnamese Restaurant,4c56f0932308be9a7ef8576c,2
Croydon,51.35505915,-0.06431447691201968,Thai Crystal,51.41980772285356,-0.08266999498178841,Thai Restaurant,4e0b70c9aeb7a4da430c9268,1
Croydon,51.35505915,-0.06431447691201968,Gurkha's,51.4261198856451,-0.05116577168071998,Indian Restaurant,4acfb8aef964a52083d520e3,1
Croydon,51.35505915,-0.06431447691201968,Trattoria Raffaele,51.42578837170257,-0.0487050578548461,Italian Restaurant,4bb25f412397b713feec36b3,2
Kensington and Chelsea,51.4875417,-0.1682205,The Ivy Chelsea Garden,51.48703516703897,-0.16937881708145142,English Restaurant,55197d88498e3f4d85dc801c,2
Kensington and Chelsea,51.4875417,-0.1682205,Phật Phúc Noodle Bar,51.48761963217226,-0.16904402182939238,Vietnamese Restaurant,4b8678d8f964a5208f8b31e3,1
Kensington and Chelsea,51.4875417,-0.1682205,Oka Chelsea,51.48622411633147,-0.1720087144878813,Japanese Restaurant,568e9345498eb6c01aa9e930,2
Kensington and Chelsea,51.4875417,-0.1682205,Sticks'n'Sushi,51.48866993683235,-0.1657134159361352,Japanese Restaurant,5bad2872666116002c429f44,2
Kensington and Chelsea,51.4875417,-0.1682205,La Mia Mamma,51.4861,-0.172131,Italian Restaurant,5b5f6ad318d43b002c375144,2
Kensington and Chelsea,51.4875417,-0.1682205,Big Easy Bar.B.Q & Crabshack,51.48533042645628,-0.17407732929629638,American Restaurant,4ac518b9f964a520b5a120e3,2
Kensington and Chelsea,51.4875417,-0.1682205,Colombier (Le),51.49002576431831,-0.17308923587298833,French Restaurant,4ac518dbf964a520e7a820e3,3
Kensington and Chelsea,51.4875417,-0.1682205,Elystan Street,51.491684353336794,-0.16764038179040774,English Restaurant,5815ec2238fa862eaf4dd366,0
Kensington and Chelsea,51.4875417,-0.1682205,50 Cheyne Walk,51.483475,-0.16951300000000002,French Restaurant,5cacdfa27564f7002cef6b5e,3
Kensington and Chelsea,51.4875417,-0.1682205,Bye Bye London Kuwaiti Restuarant,51.487863,-0.16775199999999998,Restaurant,5bd4a3251a29250025225b02,2
Kensington and Chelsea,51.4875417,-0.1682205,Restaurant Gordon Ramsay,51.48559287973932,-0.16212232187050474,French Restaurant,4ac518d6f964a5201da820e3,3
Kensington and Chelsea,51.4875417,-0.1682205,Kutir,51.491549,-0.16144,Indian Restaurant,5bfaecd4d1a402002c881c53,2
Kensington and Chelsea,51.4875417,-0.1682205,Gaucho,51.4929544229233,-0.16748749315433786,Argentinian Restaurant,4ac518dff964a520fba920e3,4
Kensington and Chelsea,51.4875417,-0.1682205,Villa Mamas,51.491389928518025,-0.16708314812598687,Middle Eastern Restaurant,59c2c6c20d173f17f35317e7,2
Kensington and Chelsea,51.4875417,-0.1682205,The Five Fields,51.49177028937285,-0.16119093838049126,Restaurant,519e61c1498ef213107bfb14,2
Kensington and Chelsea,51.4875417,-0.1682205,Benihana,51.48912617126918,-0.1644911721756323,Japanese Restaurant,4b9abefff964a52004d235e3,2
Kensington and Chelsea,51.4875417,-0.1682205,Made in Italy,51.48621770195532,-0.17198116611016204,Italian Restaurant,4ac518dbf964a520e8a820e3,2
Kensington and Chelsea,51.4875417,-0.1682205,Bluebird Chelsea,51.484835107670186,-0.17521514574538485,Modern European Restaurant,4ac518d6f964a52031a820e3,2
Kensington and Chelsea,51.4875417,-0.1682205,Daphne's,51.493722,-0.167742,Italian Restaurant,4fba87dde4b09a2fd5254e57,4
Kensington and Chelsea,51.4875417,-0.1682205,Aubaine,51.494114382885904,-0.1688028695637053,French Restaurant,4ac518e3f964a520ccaa20e3,3
Kensington and Chelsea,51.4875417,-0.1682205,Jak's,51.49431178815768,-0.16742659056392084,Restaurant,4b1a473ef964a52095e823e3,3
Kensington and Chelsea,51.4875417,-0.1682205,Medlar Restaurant,51.48305746160647,-0.17762455130064067,Restaurant,4d932d5e52ed224bfbbb16ac,2
Kensington and Chelsea,51.4875417,-0.1682205,Wright Brothers,51.4930904374774,-0.17633369540169347,Seafood Restaurant,5602f8f7498e6f2bf14136c3,3
Kensington and Chelsea,51.4875417,-0.1682205,Macellaio,51.49266314498247,-0.1774370852902796,Italian Restaurant,543439eb498ea79814a48ba2,2
Kensington and Chelsea,51.4875417,-0.1682205,Dozo Sushi,51.49285010530839,-0.1767887397393727,Sushi Restaurant,4e1614ba18a8addae8d0379b,3
Kensington and Chelsea,51.4875417,-0.1682205,Scalini,51.49596606497627,-0.16491196504928113,Italian Restaurant,4bcaf5f6fb84c9b63ff31d3e,3
Kensington and Chelsea,51.4875417,-0.1682205,go,51.49319121044624,-0.17599327554412406,Vietnamese Restaurant,5858286cce66aa0db6bb9b5f,2
Camden,51.54282705,-0.16248814791899047,Lemonia,51.54158174041471,-0.15690223909850906,Greek Restaurant,4ac518d6f964a52020a820e3,2
Camden,51.54282705,-0.16248814791899047,Magic Falafel,51.54247,-0.14841703,Falafel Restaurant,5839b00bd32b4427a541783d,1
Camden,51.54282705,-0.16248814791899047,Michael Nadra,51.53995053828589,-0.15022873892115976,Modern European Restaurant,5055c14ee4b0e932c94fbed8,1
Camden,51.54282705,-0.16248814791899047,Drunch,51.53502908352613,-0.1688285512900551,Restaurant,5921ef7b4c954c04e9ae41ea,2
Camden,51.54282705,-0.16248814791899047,Young Vegans,51.541453999999995,-0.14668599999999998,Vegetarian / Vegan Restaurant,59f3426b872f7d6975c0e43f,2
Camden,51.54282705,-0.16248814791899047,Purezza,51.53815366832901,-0.14434518710723535,Vegetarian / Vegan Restaurant,5abc05a189b06a1d511fa6a0,2
Camden,51.54282705,-0.16248814791899047,Mildred's Camden,51.54055998754959,-0.14493850895918806,Vegetarian / Vegan Restaurant,56465f29498e15acb1943eed,2
Camden,51.54282705,-0.16248814791899047,Soutine,51.53224,-0.168904,French Restaurant,5ce2d4a4de3bbf002c57700c,3
Camden,51.54282705,-0.16248814791899047,Paradise,51.555475716015785,-0.1663119939026201,Indian Restaurant,4baa6ff3f964a520106a3ae3,2
Camden,51.54282705,-0.16248814791899047,Crêpes à la carte,51.544509999999995,-0.141316,French Restaurant,587ba8e08d8e996e96416ecc,3
Camden,51.54282705,-0.16248814791899047,28 Church Row,51.55560950996208,-0.1787244431658961,Tapas Restaurant,579b97f6498e51784c2028e0,3
Camden,51.54282705,-0.16248814791899047,Patron Cave à Manger,51.552587506749056,-0.14113227046502513,French Restaurant,550dd65b498e2de04c4dae60,3
Camden,51.54282705,-0.16248814791899047,Queen of Sheba,51.55215363749778,-0.14107521017058364,Ethiopian Restaurant,4c07f08fffb8c9b644756761,2
Camden,51.54282705,-0.16248814791899047,Jin Kichi | 人吉 (Jin Kichi),51.557210999999995,-0.17837,Japanese Restaurant,4b0e428af964a5206d5623e3,2
Camden,51.54282705,-0.16248814791899047,Patara,51.555496999999995,-0.176086,Thai Restaurant,574ad2b5498e49a138716f26,2
Camden,51.54282705,-0.16248814791899047,Cafe Mexicana,51.535685,-0.139336,Mexican Restaurant,598225a69be5227440591888,1
Camden,51.54282705,-0.16248814791899047,La Patagonia,51.535337385362226,-0.13925681311608498,Argentinian Restaurant,4f6303d80cd6efd2b0ddde47,2
Camden,51.54282705,-0.16248814791899047,E Mono,51.54902157105312,-0.14103741480700108,Middle Eastern Restaurant,4ea7f7858b8154b19fdef1ee,2
Camden,51.54282705,-0.16248814791899047,Domo94 Italian Restaurant,51.541427340921345,-0.13872673016379344,Italian Restaurant,54247a26498edd770954d6c9,2
Westminster,51.50328025,-0.11968732228242385,Barrafina,51.50942652693696,-0.1258944349847769,Spanish Restaurant,53bab96d498e7e355fb53d6c,3
Westminster,51.50328025,-0.11968732228242385,Sticks'n'Sushi,51.511038,-0.123655,Sushi Restaurant,527bee27498e2ccd501fe6dc,3
Westminster,51.50328025,-0.11968732228242385,SUSHISAMBA,51.51223206775831,-0.12237087210280448,Sushi Restaurant,5b770349112c6c0039a9f0c2,2
Westminster,51.50328025,-0.11968732228242385,CoCo Ichibanya,51.511875235748775,-0.12780946320967984,Japanese Curry Restaurant,5c10e0201de76500398bf8e0,0
Westminster,51.50328025,-0.11968732228242385,Milos,51.50811719446084,-0.13334124484466278,Greek Restaurant,55df738f498e7d1805fafb9d,2
Westminster,51.50328025,-0.11968732228242385,Japan Centre,51.50976086181095,-0.13127297164342394,Japanese Restaurant,59b92a852955132234397fd2,2
Westminster,51.50328025,-0.11968732228242385,Dishoom,51.51243,-0.12690805,Indian Restaurant,4c31c371a0ced13a150d146e,2
Westminster,51.50328025,-0.11968732228242385,San Carlo Cicchetti,51.50966792045722,-0.13493544314965053,Italian Restaurant,5012e92de4b0be9af4be8869,2
Westminster,51.50328025,-0.11968732228242385,Chutney Mary,51.505661731000245,-0.1386507201732926,Indian Restaurant,55637882498e030b12ff5622,2
Westminster,51.50328025,-0.11968732228242385,The Barbary,51.5144455494199,-0.12637048890103447,Mediterranean Restaurant,57586694498e050101da9a95,2
Westminster,51.50328025,-0.11968732228242385,Kricket,51.51072707918593,-0.13524373513060808,Indian Restaurant,5851897c37da1d0b2396da5b,2
Hillingdon,51.5425193,-0.44833493117949663,Javitri,51.54939650598031,-0.4827015450480411,Restaurant,51cad031498eb0c323b3ff24,2
Hillingdon,51.5425193,-0.44833493117949663,Nando's,51.54485377899289,-0.4765339312753774,Portuguese Restaurant,4ba4d266f964a52020b838e3,2
Hillingdon,51.5425193,-0.44833493117949663,Kin Dee,51.571924123781535,-0.4122767634650319,Thai Restaurant,4b7860c5f964a520afc92ee3,2
Hillingdon,51.5425193,-0.44833493117949663,Nando's,51.56274652761306,-0.355797264555964,Portuguese Restaurant,4b8ad005f964a520ba8232e3,2
Hillingdon,51.5425193,-0.44833493117949663,The Breakspear Arms,51.580140104744,-0.4477056557543723,Indian Restaurant,4d3dd827a2e4b1f7efa7f525,2
Hillingdon,51.5425193,-0.44833493117949663,Ideal Fish Bar,51.592314265424356,-0.3819657223433707,Restaurant,4b9be74ff964a520e13336e3,2
Hillingdon,51.5425193,-0.44833493117949663,Gifto's Lahore Karahi,51.51229545088743,-0.3834834426682299,Pakistani Restaurant,4bdde6e60ee3a5931f1c2fb0,1
Hillingdon,51.5425193,-0.44833493117949663,Caviar House & Prunier,51.46980741996773,-0.4482046444102359,Seafood Restaurant,53a1a6c6498ea185a5d25730,3
Hillingdon,51.5425193,-0.44833493117949663,Watan,51.512378936942255,-0.3847810414314953,Afghan Restaurant,51cdf602498e1c66d7b7e9f0,2
Hillingdon,51.5425193,-0.44833493117949663,Saravana Bhavan,51.507286577716656,-0.3781622330643564,Indian Restaurant,50377c2fe4b06e2fb1a8881c,2
Hillingdon,51.5425193,-0.44833493117949663,Saravanna Bhavan,51.57285509859254,-0.3714054024944978,Indian Restaurant,4c7bff48566db60c1d654c0e,2
Hillingdon,51.5425193,-0.44833493117949663,Kaniz,51.481719020035754,-0.4742800420957789,Indian Restaurant,4e0b6cd0e4cdfb543c644a42,2
Hillingdon,51.5425193,-0.44833493117949663,Sahibs,51.60204851403671,-0.4093723900389376,Indian Restaurant,4c488d92417b20a11057e1a9,2
Hillingdon,51.5425193,-0.44833493117949663,Mr Todiwala's Kitchen,51.47754860234144,-0.5180834087661901,Indian Restaurant,4f9c3db1e4b033dc2acf532d,2
Hillingdon,51.5425193,-0.44833493117949663,Raunka Punjab Diyan,51.52929226608025,-0.3725975206516939,Indian Restaurant,4efe2cf7722e0f077072a0b6,2
Hillingdon,51.5425193,-0.44833493117949663,Zayani indian Restaurant,51.488718561686476,-0.4561277161612806,Indian Restaurant,4b688434f964a5205c7d2be3,1
Hillingdon,51.5425193,-0.44833493117949663,Lomito,51.611858694708474,-0.4252340273213295,Argentinian Restaurant,4defdc70fa76042fed6bad0e,2
Hillingdon,51.5425193,-0.44833493117949663,Northwood Piazza,51.61198726160298,-0.42646496577960624,Italian Restaurant,4dc59f5c52b1e8f9f7d96558,1
Hillingdon,51.5425193,-0.44833493117949663,Harlington Tandoori,51.48530168405244,-0.434679183010066,Indian Restaurant,4d1f81d95acaa35d5968c035,2
Hillingdon,51.5425193,-0.44833493117949663,Cathay Pacific First Dining Room,51.46963589965704,-0.4591770204386258,Restaurant,5a5cbfc56a59504c34435f00,2
Hillingdon,51.5425193,-0.44833493117949663,Go Sing,51.50894726313573,-0.4738088003389714,Chinese Restaurant,4bdc75b9fed22d7f024358c9,1
Hillingdon,51.5425193,-0.44833493117949663,Pho,51.512969540167255,-0.30618213188816074,Vietnamese Restaurant,5640d385cd10e8b146ec0bf5,2
Hillingdon,51.5425193,-0.44833493117949663,Zam Zam,51.479399,-0.410883,Pakistani Restaurant,57b720e4498eebea2759fb71,0
Hillingdon,51.5425193,-0.44833493117949663,Brilliant Restaurant,51.50040464558561,-0.3876476766694911,Indian Restaurant,4ad6407cf964a5200c0621e3,1
Redbridge,51.5863662,0.06975911636956192,Rosso,51.60741771826939,0.03302991001286006,Italian Restaurant,4b8d6cb6f964a520f9fa32e3,2
Redbridge,51.5863662,0.06975911636956192,Ark Fish Restaurant,51.58788234747664,0.028132737691379563,Seafood Restaurant,4b4f1d12f964a52090fa26e3,2
Redbridge,51.5863662,0.06975911636956192,Pizzeria Bel Sit,51.609914058644094,0.021767827769440886,Italian Restaurant,4dc5a461c65b89d3ca746bb1,2
Redbridge,51.5863662,0.06975911636956192,Panda,51.56667027492539,0.010297031120745568,Dim Sum Restaurant,52b70ac7498e82da96866f2f,2
Redbridge,51.5863662,0.06975911636956192,The Olive,51.56865622025146,0.009071193392890095,Mediterranean Restaurant,4b9e9372f964a5209df036e3,2
Redbridge,51.5863662,0.06975911636956192,Singburi,51.561629343164924,0.008715998001688074,Thai Restaurant,4b244bbbf964a520776524e3,2
Redbridge,51.5863662,0.06975911636956192,The White Swan,51.607671999999994,0.033741,Chinese Restaurant,4d45c8dcbf61a1cdeaa216ac,1
Redbridge,51.5863662,0.06975911636956192,Arch Rivals,51.554790000000004,0.019658245,Restaurant,5a2b0b7225fb7b771f9f6b57,2
Redbridge,51.5863662,0.06975911636956192,Saravanaa Bhavan,51.542468156114744,0.0502985187828753,Indian Restaurant,4ac518e5f964a52000ab20e3,2
Redbridge,51.5863662,0.06975911636956192,Sheesh,51.624411712516796,0.08089768237510314,Turkish Restaurant,4dc6cadac65b89d3ca9010be,3
Redbridge,51.5863662,0.06975911636956192,Meze Ocakbasi,51.60944,0.022446999999999998,Turkish Restaurant,51a7a22f498e272c02e59b01,2
Redbridge,51.5863662,0.06975911636956192,Temple,51.60749008165959,0.034847259521484375,Indian Restaurant,4e4d3208922e380651536a9c,2
Redbridge,51.5863662,0.06975911636956192,Nando's,51.5677294,0.11680750000000001,Portuguese Restaurant,5d72e633b40a620008bf3518,2
Redbridge,51.5863662,0.06975911636956192,Ananthapuram (Traditional Kerala Restaurant),51.540516533433774,0.050632921508809735,Indian Restaurant,51b0b154498ecca5e9bf164c,2
Redbridge,51.5863662,0.06975911636956192,The Greyhound (Harvester),51.568429371140546,0.11945569997078855,English Restaurant,4dea493c18386283a3e063f6,0
Redbridge,51.5863662,0.06975911636956192,Prezzo,51.609470814280265,0.02169134649183897,Italian Restaurant,4e0cbe86c65bd1c17b70fd09,2
Redbridge,51.5863662,0.06975911636956192,Coriander,51.6267192363739,0.046300292015075684,Indian Restaurant,4c34c56066e40f47d71aca8b,2
Redbridge,51.5863662,0.06975911636956192,La Sala,51.60609089597093,0.05435230054063905,Modern European Restaurant,543a97fe498e0492a1ea9f46,0
Redbridge,51.5863662,0.06975911636956192,Prezzo,51.62552076832513,0.043465929843166176,Italian Restaurant,4f6cb3eee4b04cb29317c8e5,2
Redbridge,51.5863662,0.06975911636956192,Moby Dick,51.58058530179207,0.14061812278810829,Restaurant,4bb9e6183db7b713faa0229a,2
Wandsworth,51.4518447,-0.19937224337372472,Thai Girder,51.44500229771785,-0.2043285705995526,Thai Restaurant,4af472d1f964a5208bf221e3,2
Wandsworth,51.4518447,-0.19937224337372472,Kaosarn,51.460515469834526,-0.1763856729590038,Thai Restaurant,503a5c3fe4b0b8a7fe350d40,2
Wandsworth,51.4518447,-0.19937224337372472,Ô Gourmet Libanais,51.463215000000005,-0.184532,Lebanese Restaurant,59dbc0a766611613971f5e1f,0
Wandsworth,51.4518447,-0.19937224337372472,Gazette Brasserie,51.46577532944461,-0.1825154916498469,French Restaurant,4b4c98cef964a52027b726e3,2
Wandsworth,51.4518447,-0.19937224337372472,Soul Flame,51.46545580326978,-0.21433871982704997,Turkish Restaurant,5523bbc4498e1a6504e52887,2
Wandsworth,51.4518447,-0.19937224337372472,Nando's,51.4601984,-0.21337199999999998,Portuguese Restaurant,4aed8f9df964a520b9cd21e3,2
Wandsworth,51.4518447,-0.19937224337372472,Tomoe,51.46196228538728,-0.22127896066522754,Japanese Restaurant,52adefae498ef15116a949e9,2
Wandsworth,51.4518447,-0.19937224337372472,Pure Indian Cooking,51.469481035769526,-0.20994808205495424,Indian Restaurant,55ad13a3498e124b222ec010,2
Wandsworth,51.4518447,-0.19937224337372472,Chez Bruce,51.44614985184142,-0.16573530932284006,French Restaurant,4ac518d6f964a52039a820e3,3
Wandsworth,51.4518447,-0.19937224337372472,Kokoro,51.461576,-0.21689099999999997,Sushi Restaurant,586a910603e29a7b92783189,2
Wandsworth,51.4518447,-0.19937224337372472,Sukho Thai Cuisine,51.474470994791844,-0.2067463729609086,Thai Restaurant,4bdddc84e75c0f47e6e7c503,2
Havering,51.55792615,0.249812804745686,Nando's,51.562639820412464,0.2191482140640654,Portuguese Restaurant,4bf01718d4e4d13a26d515a7,2
Havering,51.55792615,0.249812804745686,Wildwood Kitchen,51.56143069820842,0.2213650456654292,Italian Restaurant,4d55aecfc6edf04d0679c7a2,2
Havering,51.55792615,0.249812804745686,Shish Meze Restaurant,51.568979999999996,0.21989699999999998,Turkish Restaurant,52d058f711d231acabca99b0,2
Havering,51.55792615,0.249812804745686,Sukhothai,51.562015001460296,0.22067147447365876,Thai Restaurant,4ddab2deb0fb8af380d3a92c,2
Havering,51.55792615,0.249812804745686,wagamama,51.48721589781633,0.2815027374343799,Asian Restaurant,4b5318b1f964a520d88e27e3,2
Havering,51.55792615,0.249812804745686,Nando's,51.4872717,0.27598659999999997,Portuguese Restaurant,4be47becbcef2d7fc09e02e5,2
Havering,51.55792615,0.249812804745686,Nando's,51.487008,0.281402,Portuguese Restaurant,4bc0a5f5f8219c7415e0b110,2
Havering,51.55792615,0.249812804745686,Zizzi,51.61974943266176,0.3007514262401401,Italian Restaurant,4b3a0495f964a5204b6025e3,2
Havering,51.55792615,0.249812804745686,Ciao Bella,51.57610316447471,0.18281945165769764,Italian Restaurant,4bf70cfdc07c9c74b690bbef,2
Havering,51.55792615,0.249812804745686,Sir Henry’s Restaurant & Bar,51.51294585203576,0.2512137731829327,Restaurant,4c53614c72cf0f473ee0bdd2,2
Havering,51.55792615,0.249812804745686,Alec's Restaurant Bar & Grill,51.65424029035308,0.2578566942250062,Restaurant,4db81abd34dc59f97bdfd257,3
Havering,51.55792615,0.249812804745686,Tarantino,51.618923108205614,0.3011005435619339,Italian Restaurant,4c02bc7d39d476b084172fa7,2
Havering,51.55792615,0.249812804745686,Nando's,51.619941,0.2998604,Portuguese Restaurant,4b438f63f964a52034e325e3,2
Havering,51.55792615,0.249812804745686,Izumi,51.598068242495536,0.296325655143327,Chinese Restaurant,4bebecaf61aca5930e8a8500,1
Havering,51.55792615,0.249812804745686,TGI Fridays,51.483648592761966,0.27925001768389,American Restaurant,4bf6bd1e13aed13ad31eeaf7,2
Havering,51.55792615,0.249812804745686,Prezzo,51.61953951419729,0.2984425506098595,Italian Restaurant,4bd33e6ccaff95216564d4f0,2
Havering,51.55792615,0.249812804745686,YO! Sushi,51.48689626382338,0.2836387898411797,Sushi Restaurant,4c31fbba213c2d7f9aaa345d,2
Barnet,51.612523,-0.21144427132963145,Ishtah Restaurant,51.600000146841964,-0.19599437713623047,Turkish Restaurant,56ed6404498eb3b7ef29eae7,2
Barnet,51.612523,-0.21144427132963145,Divans,51.605471344669844,-0.18784697192525088,Turkish Restaurant,4bc8ae7bab62d13a9ec717d4,2
Barnet,51.612523,-0.21144427132963145,Ai Sushi,51.6174555986311,-0.17669576228337167,Sushi Restaurant,4b58d7b3f964a5203e6e28e3,2
Barnet,51.612523,-0.21144427132963145,Spicy Grill,51.57386381855361,-0.20079464882877185,Korean Restaurant,4fe70d7be4b03c981bb4a351,2
Barnet,51.612523,-0.21144427132963145,Vy Nam Cafe,51.60097415612051,-0.19410286863461287,Vietnamese Restaurant,4ca47691d5a2a14330b75190,2
Barnet,51.612523,-0.21144427132963145,Golden Dragon,51.593239757240326,-0.2594213428655437,Chinese Restaurant,5960eb8281635b657dfa8537,1
Barnet,51.612523,-0.21144427132963145,The Good Earth,51.61696051473806,-0.24528202455772874,Chinese Restaurant,4beee8ed3686c9b6122e256e,1
Barnet,51.612523,-0.21144427132963145,L'Artista,51.572942485471046,-0.1958192777928135,Italian Restaurant,4b60a23cf964a52079f129e3,2
Barnet,51.612523,-0.21144427132963145,eat TOKYO,51.571433,-0.19436099999999998,Sushi Restaurant,4bc99d873740b713adf75e65,2
Barnet,51.612523,-0.21144427132963145,Il Mascalzone,51.612361552693656,-0.2772667090452594,Italian Restaurant,4b4276c5f964a52064d425e3,2
Barnet,51.612523,-0.21144427132963145,Izgara,51.61484777205911,-0.2757585515049349,Turkish Restaurant,4b576fe4f964a520a63728e3,2
Barnet,51.612523,-0.21144427132963145,Izgara,51.60001140587223,-0.19603695829001985,Turkish Restaurant,4b53652af964a520af9a27e3,2
Barnet,51.612523,-0.21144427132963145,Durum,51.60461256605286,-0.1888491529127337,Middle Eastern Restaurant,4bc75e542f94d13a3aca117f,2
Barnet,51.612523,-0.21144427132963145,Bayleaf,51.63058133122779,-0.17520099707894352,Indian Restaurant,527feb28498e9552bb22e0b7,2
Barnet,51.612523,-0.21144427132963145,Nando's,51.6045078173396,-0.17356944570371366,Portuguese Restaurant,4b3cfd40f964a520448b25e3,2
Barnet,51.612523,-0.21144427132963145,Lavash,51.588018107525436,-0.20005690396828868,Middle Eastern Restaurant,4beaf5fc62c0c9280c83e1d4,2
Barnet,51.612523,-0.21144427132963145,Likya Ocakbasi,51.5727695838199,-0.1989135785937472,Turkish Restaurant,4c5709446418a593f86f7e0e,2
Barnet,51.612523,-0.21144427132963145,Sushimania,51.614602788966714,-0.27570359819691,Sushi Restaurant,4bcb11e6b6c49c74316d9191,2
Barnet,51.612523,-0.21144427132963145,Nando's,51.6141766,-0.27606090000000005,Portuguese Restaurant,4b49dccaf964a520e87426e3,2
Barnet,51.612523,-0.21144427132963145,Jin Kichi | 人吉 (Jin Kichi),51.557210999999995,-0.17837,Japanese Restaurant,4b0e428af964a5206d5623e3,2
Barnet,51.612523,-0.21144427132963145,Beheshte Barin,51.60444083809936,-0.18901225817288025,Persian Restaurant,4dd2f66f18381e5587c0443d,0
Barnet,51.612523,-0.21144427132963145,The Regency Club,51.59421078261079,-0.2845472811023188,Indian Restaurant,4b00c2b8f964a520014122e3,2
Barnet,51.612523,-0.21144427132963145,28 Church Row,51.55560950996208,-0.1787244431658961,Tapas Restaurant,579b97f6498e51784c2028e0,3
Barnet,51.612523,-0.21144427132963145,Cochin,51.603208,-0.191178,Indian Restaurant,4eac63f1dab40d1327148133,1
Barnet,51.612523,-0.21144427132963145,Banners,51.580752787534685,-0.12484174271134192,Caribbean Restaurant,4ac518e7f964a52035ab20e3,2
Barnet,51.612523,-0.21144427132963145,Fantozzi,51.633449139684494,-0.13129965140297453,Italian Restaurant,4c86a53ffa65199cfcc4b816,2
Bexley,51.46196875,0.14569856715068022,Carved,51.456952,0.14310699999999998,American Restaurant,552bb0e9498ea8a3d78efc05,2
Bexley,51.46196875,0.14569856715068022,Toby Carvery,51.459222471399215,0.1264433180173515,English Restaurant,4b2fe0c9f964a520cff124e3,0
Bexley,51.46196875,0.14569856715068022,Assos Restaurant,51.45114135742188,0.17919039726257324,Mediterranean Restaurant,4e2878c48877f9158a75757a,2
Bexley,51.46196875,0.14569856715068022,Ferraris,51.441699074748875,0.146754772294095,Italian Restaurant,4b9aa675f964a520bdc935e3,1
Bexley,51.46196875,0.14569856715068022,Da Peppino,51.463576162783035,0.10036464185134264,Italian Restaurant,4da5e876f7b16ce044ae1a8d,2
Bexley,51.46196875,0.14569856715068022,Zizzi,51.45592881635114,0.15055538643014188,Italian Restaurant,4e8367d5be7bdd8e4e80dcf7,2
Bexley,51.46196875,0.14569856715068022,Old Bexley Greek Taverna,51.441404697636955,0.15064035496645914,Greek Restaurant,4c601b3f47429c746a051f7a,2
Bexley,51.46196875,0.14569856715068022,KFC,51.50556656684554,0.10455687260847514,Fast Food Restaurant,4df0bcf17d8ba370a0105dc3,1
Bexley,51.46196875,0.14569856715068022,McDonald's,51.426406,0.102137,Fast Food Restaurant,4ad2039ef964a520dade20e3,1
Bexley,51.46196875,0.14569856715068022,Prezzo,51.426565187911436,0.1008639530649132,Italian Restaurant,54b269c2498ea12fdf7c17ff,2
Harrow,51.5967688,-0.3372751554350701,Shree Krishna Vada Pav (SKVP),51.587331314364796,-0.3322112605157876,Indian Restaurant,5019725de4b0d352e9439f17,2
Harrow,51.5967688,-0.3372751554350701,Noodle City,51.583477197789534,-0.331841601013375,Chinese Restaurant,4bc2267ff8219c74c661b410,1
Harrow,51.5967688,-0.3372751554350701,Ideal Fish Bar,51.592314265424356,-0.3819657223433707,Restaurant,4b9be74ff964a520e13336e3,2
Harrow,51.5967688,-0.3372751554350701,Nando's,51.58166459013332,-0.3331189177721197,Portuguese Restaurant,4b264b38f964a520e97924e3,2
Harrow,51.5967688,-0.3372751554350701,Everest Lounge,51.59423332835762,-0.3321924843000885,Indian Restaurant,4ec0370de3005ff929ebf54f,2
Harrow,51.5967688,-0.3372751554350701,Kenton Kebab House,51.581812,-0.317404,Fast Food Restaurant,4dcf02a3d22deadedd61c590,2
Harrow,51.5967688,-0.3372751554350701,Kebab Land,51.58003383642548,-0.33598668007289256,Middle Eastern Restaurant,4ad640c4f964a520170621e3,2
Harrow,51.5967688,-0.3372751554350701,Blue Ginger Bar & Restaurant,51.5871371718395,-0.3024924670980585,Indian Restaurant,4b5877faf964a520365928e3,2
Harrow,51.5967688,-0.3372751554350701,The Regency Club,51.59421078261079,-0.2845472811023188,Indian Restaurant,4b00c2b8f964a520014122e3,2
Harrow,51.5967688,-0.3372751554350701,Nando's,51.56274652761306,-0.355797264555964,Portuguese Restaurant,4b8ad005f964a520ba8232e3,2
Harrow,51.5967688,-0.3372751554350701,The Bombay Central,51.60454000730999,-0.33960839196357323,Indian Restaurant,5787dc02498e6faa6b19c533,2
Harrow,51.5967688,-0.3372751554350701,Saravanna Bhavan,51.57285509859254,-0.3714054024944978,Indian Restaurant,4c7bff48566db60c1d654c0e,2
Harrow,51.5967688,-0.3372751554350701,Carluccio's,51.59412102037736,-0.38132879437811495,Italian Restaurant,4fb8c9abe4b0fdfd00b36aae,2
Harrow,51.5967688,-0.3372751554350701,Il Mascalzone,51.612361552693656,-0.2772667090452594,Italian Restaurant,4b4276c5f964a52064d425e3,2
Harrow,51.5967688,-0.3372751554350701,Sahara Lounge,51.6179691170756,-0.3117674484497387,Middle Eastern Restaurant,4b6a1a67f964a520cec72be3,2
Harrow,51.5967688,-0.3372751554350701,Izgara,51.61484777205911,-0.2757585515049349,Turkish Restaurant,4b576fe4f964a520a63728e3,2
Harrow,51.5967688,-0.3372751554350701,Babylon Palace,51.58102097205066,-0.31873699977498604,Mediterranean Restaurant,4d826898cbef37046af19bdd,2
Harrow,51.5967688,-0.3372751554350701,Nando's,51.58505587,-0.28093998,Portuguese Restaurant,4ba4c6e5f964a520deb338e3,2
Harrow,51.5967688,-0.3372751554350701,Cannon's Tandoori,51.60761147681989,-0.2953872700641565,Indian Restaurant,4b11a28df964a520078123e3,2
Harrow,51.5967688,-0.3372751554350701,Nando's,51.6141766,-0.27606090000000005,Portuguese Restaurant,4b49dccaf964a520e87426e3,2
Harrow,51.5967688,-0.3372751554350701,Sushimania,51.614602788966714,-0.27570359819691,Sushi Restaurant,4bcb11e6b6c49c74316d9191,2
Harrow,51.5967688,-0.3372751554350701,Sahibs,51.60204851403671,-0.4093723900389376,Indian Restaurant,4c488d92417b20a11057e1a9,2
Harrow,51.5967688,-0.3372751554350701,Prezzo,51.61790768453397,-0.30836077586302924,Italian Restaurant,4c4881bcd7439c749606d139,2
Harrow,51.5967688,-0.3372751554350701,Ruby M's,51.574590224451846,-0.3708142000692118,Indian Restaurant,4c06b381cf8c76b0f4ea3a65,2
Harrow,51.5967688,-0.3372751554350701,Curry Mahal,51.56124218876703,-0.3576467437429782,Indian Restaurant,4c5dbfd394fd0f47855dcc45,2
Harrow,51.5967688,-0.3372751554350701,Taste Of Lahore,51.58307573670332,-0.3317446989415749,Indian Restaurant,4bad17def964a520de2c3be3,2
Harrow,51.5967688,-0.3372751554350701,Karahi King,51.56260956291339,-0.3058894694915174,Indian Restaurant,4bed93f491380f47541ea018,2
Harrow,51.5967688,-0.3372751554350701,only parathas,51.5956119594513,-0.2965679547777997,Indian Restaurant,4b2ce9b9f964a520aaca24e3,2
Harrow,51.5967688,-0.3372751554350701,Hundred Degrees UK Ltd,51.58106989548082,-0.3481292724609375,Indian Restaurant,4da0a649b521224bf1e5e1ed,2
Harrow,51.5967688,-0.3372751554350701,Paragon,51.599446872134884,-0.2660808103637961,Eastern European Restaurant,4c4b084a46240f47b654c2f2,2
Harrow,51.5967688,-0.3372751554350701,Zan Zi Bar,51.611674646397155,-0.2804480801062952,Indian Restaurant,4beaf01d62c0c9288c7ae1d4,3
Harrow,51.5967688,-0.3372751554350701,Purple Flame,51.596592,-0.295026,Indian Restaurant,521b865f11d2bc437596597d,2
Harrow,51.5967688,-0.3372751554350701,Chikayan Chinese Restaurant,51.635128315350606,-0.3430393047256781,Chinese Restaurant,4c055d5d761ac9b6876a1f74,1
Harrow,51.5967688,-0.3372751554350701,Taste of lahore,51.577425502547634,-0.3712168195597635,Indian Restaurant,4c7805f9df08a1cd49fad55d,2
Harrow,51.5967688,-0.3372751554350701,Prezzo,51.5814965682823,-0.3391694526567308,Italian Restaurant,4c017063716bc9b681ddbb55,2
Harrow,51.5967688,-0.3372751554350701,Venue 5,51.56892203700518,-0.3897992991594492,Indian Restaurant,4b818527f964a52003ac30e3,1
City of London,51.514947,-0.09304609650946792,City Càphê,51.51474961713268,-0.09154479356888842,Vietnamese Restaurant,4cadc734632b370400f7696e,1
City of London,51.514947,-0.09304609650946792,Burger & Lobster,51.513687164657476,-0.09464257378721523,Seafood Restaurant,50ed6e85e4b0ffbaac00836c,3
City of London,51.514947,-0.09304609650946792,Manicomio,51.515368913230965,-0.09541400116488373,Italian Restaurant,4bf6c59413aed13a6d2aeaf7,3
City of London,51.514947,-0.09304609650946792,The Trading House,51.51506346595909,-0.09142715063542993,Modern European Restaurant,55645a51498eb6f3a5ae4df7,0
City of London,51.514947,-0.09304609650946792,Coq d'Argent,51.51330327910944,-0.0910358067859018,French Restaurant,4ac518d5f964a5200fa820e3,3
City of London,51.514947,-0.09304609650946792,Wahaca,51.51403369046022,-0.09555596762757347,Mexican Restaurant,524b249e498e0f789ef79509,2
City of London,51.514947,-0.09304609650946792,Brigadiers,51.51272137300544,-0.09192158012225396,Indian Restaurant,5b0986c00a08ab002c2e44e0,2
City of London,51.514947,-0.09304609650946792,Malibu Kitchen,51.51351075866648,-0.09007436447289068,New American Restaurant,590cea61a423623a3ef5e26a,3
City of London,51.514947,-0.09304609650946792,Sweetings,51.512441662798395,-0.09272347457051053,Seafood Restaurant,4ac518e6f964a52009ab20e3,2
City of London,51.514947,-0.09304609650946792,Bread Street Kitchen,51.513308767544096,-0.09491560239236256,English Restaurant,4e1ed9ddae60cd553deae5cd,2
City of London,51.514947,-0.09304609650946792,Cecconi's,51.513595363755314,-0.09009868732100627,Italian Restaurant,58ee972a9538393bb7eb60a9,2
City of London,51.514947,-0.09304609650946792,Banh Mi Bay,51.5126206677376,-0.09484692689287624,Vietnamese Restaurant,54cb7bae498e99dacf3c3a28,2
City of London,51.514947,-0.09304609650946792,Ekte Nordic Kitchen,51.5125492357495,-0.09188331418860317,Scandinavian Restaurant,5ae30056e17910002c0577c9,2
City of London,51.514947,-0.09304609650946792,Leon,51.512999879722365,-0.0936693797421579,Restaurant,55b739cc498eef4fe5845827,2
City of London,51.514947,-0.09304609650946792,K10,51.51542469234325,-0.09003120548226637,Sushi Restaurant,5891d4397b43b4254a866347,2
City of London,51.514947,-0.09304609650946792,Kaia,51.51388746199088,-0.0894410654711039,Asian Restaurant,58ff3f6bb3d8e26cc828b2fd,2
City of London,51.514947,-0.09304609650946792,itsu,51.514224253395994,-0.09415765634074848,Sushi Restaurant,4c4eef36960e76b06d9e1fe7,2
City of London,51.514947,-0.09304609650946792,Enoteca De Luca,51.51315374130603,-0.09434704311605743,Italian Restaurant,53919068498e70fb6bfaf06f,2
City of London,51.514947,-0.09304609650946792,Ping Pong,51.513460860882304,-0.0947306917488213,Dim Sum Restaurant,4be2d8951dd22d7fecef94bd,2
City of London,51.514947,-0.09304609650946792,Kurumaya,51.5131511484745,-0.09419556408151096,Japanese Restaurant,4b0e751bf964a520b25723e3,2
City of London,51.514947,-0.09304609650946792,Cabotte,51.514984000000005,-0.09129301,French Restaurant,57dfb4a1498e923fc6548fc8,3
City of London,51.514947,-0.09304609650946792,Nando's,51.513775775755576,-0.09567242417815094,Portuguese Restaurant,4c6cdadc7bfe199c4be1d8ce,2
City of London,51.514947,-0.09304609650946792,Haz Restaurant & Cafe,51.51497241982951,-0.09638114867926813,Turkish Restaurant,4b8fe00ef964a520d86633e3,2
City of London,51.514947,-0.09304609650946792,Simple Health Kitchen,51.513117332541476,-0.0939418643316435,Restaurant,56ccc498cd1091d95a4fa2e2,2
City of London,51.514947,-0.09304609650946792,Hop Vietnamese,51.51535536271171,-0.08998790550540499,Vietnamese Restaurant,588b664cdc332914bc023aba,2
City of London,51.514947,-0.09304609650946792,Rucoletta,51.51513811741748,-0.09630515239322053,Italian Restaurant,505b101d90e7cd9b2b6f0b79,2
Merton,51.41080285,-0.18809850595572736,Latitude,51.418942,-0.19344,Restaurant,5a8321bcdab4b14e0a0d8cde,2
Merton,51.41080285,-0.18809850595572736,Takahashi,51.416424,-0.19230366,Sushi Restaurant,566da1f8498e055d2601bebb,2
Merton,51.41080285,-0.18809850595572736,Rock Star Sushi,51.413101,-0.183323,Sushi Restaurant,538b1aa3498e1b0d8c19568b,2
Merton,51.41080285,-0.18809850595572736,Maki Yaki,51.418268802405436,-0.1932110323889876,Sushi Restaurant,4bb606bcef159c74084c75f7,2
Merton,51.41080285,-0.18809850595572736,Gourmet Kebab House,51.416281715769294,-0.18217108452302602,Fast Food Restaurant,4d34ccd6329e54815253c51d,1
Merton,51.41080285,-0.18809850595572736,Little Vietnam,51.41562547969254,-0.19285177917280952,Vietnamese Restaurant,516eee39e4b018c76348fba2,2
Merton,51.41080285,-0.18809850595572736,Made In Italy,51.41919056310421,-0.1995707059434716,Italian Restaurant,5478d33b498edded451ee3dd,2
Merton,51.41080285,-0.18809850595572736,Cedar Restaurant,51.41584826,-0.188032,Lebanese Restaurant,4d0bcaed9a44370470f3bb67,2
Merton,51.41080285,-0.18809850595572736,Nando's,51.419281299999994,-0.2019612,Portuguese Restaurant,4b2e6b92f964a520e0df24e3,2
Merton,51.41080285,-0.18809850595572736,Al Forno,51.41982230088118,-0.20197860053881875,Italian Restaurant,4ac518dbf964a520f1a820e3,2
Merton,51.41080285,-0.18809850595572736,Nando's,51.41379065225573,-0.17791737435550922,Portuguese Restaurant,4b5c56d1f964a520952b29e3,2
Merton,51.41080285,-0.18809850595572736,Little Tapería,51.42549654288674,-0.17026376390019646,Tapas Restaurant,554345a1498eed4b55336f74,3
Merton,51.41080285,-0.18809850595572736,Sticks'n'Sushi,51.422574,-0.209448,Sushi Restaurant,4f5a579ae4b0e4b75ef8e0fe,3
Merton,51.41080285,-0.18809850595572736,Daddy Bao,51.425509000000005,-0.16461199999999998,Asian Restaurant,5a85de2b2db4a9513d6f9639,2
Merton,51.41080285,-0.18809850595572736,Jaffna House,51.42682418459629,-0.16934362104094927,Indian Restaurant,4b673a93f964a52095422be3,1
Merton,51.41080285,-0.18809850595572736,wagamama,51.422345204884465,-0.20901411410352466,Asian Restaurant,4b9b908ef964a520df0f36e3,2
Merton,51.41080285,-0.18809850595572736,Istanbul Meze Mangal,51.41679359474994,-0.18042007880326785,Turkish Restaurant,51705731498e239ef0697725,2
Merton,51.41080285,-0.18809850595572736,Pizzeria Sette Bello,51.422952376792686,-0.1600940342727911,Italian Restaurant,4cb5fc1a8db0a143d0956616,1
Merton,51.41080285,-0.18809850595572736,Lu-Ma Café,51.42017528304679,-0.211218229458602,Vegetarian / Vegan Restaurant,55feb0ca498e732f627aa687,2
Merton,51.41080285,-0.18809850595572736,Touro Brazilian Steakhouse,51.419907797261544,-0.20345864254979773,Brazilian Restaurant,5737683b498e1533021f73ce,2
Merton,51.41080285,-0.18809850595572736,Wahaca,51.41995216532903,-0.20465156309233185,Mexican Restaurant,535273b3498e7a93acefaf71,2
Merton,51.41080285,-0.18809850595572736,Buenos Aires Argentine Steakhouse Wimbledon,51.42275080715578,-0.20942277387554226,Argentinian Restaurant,4e28387ed22d848a14609ad7,1
Merton,51.41080285,-0.18809850595572736,Chak 89,51.408143391331556,-0.1671014949314389,Indian Restaurant,4c091e0f02c9d13a0fb673dd,1
Merton,51.41080285,-0.18809850595572736,TOTA,51.426483374549605,-0.16962688719437388,Restaurant,50fbe44be4b04cfff5a1bd21,2
Merton,51.41080285,-0.18809850595572736,Côte Brasserie,51.424399177570066,-0.21603474835898584,French Restaurant,4b13d723f964a520a09923e3,3
Merton,51.41080285,-0.18809850595572736,Chez Vous,51.42563671464187,-0.16494577171513694,Lebanese Restaurant,52f7780011d27095f2affee0,0
Merton,51.41080285,-0.18809850595572736,Namak Mandi,51.43513680662552,-0.1608080734684158,Pakistani Restaurant,4f8aca74e4b060b7f8a50daf,1
Merton,51.41080285,-0.18809850595572736,Apollo Banana Leaf,51.42402829959263,-0.17201092634091592,Sri Lankan Restaurant,4c42f527ff711b8de43c1405,1
Sutton,51.3575114,-0.173640122600872,Nando's,51.36012615,-0.19183745,Portuguese Restaurant,4b12a701f964a520e08b23e3,2
Sutton,51.3575114,-0.173640122600872,Vinoteca Italiana,51.35707002766056,-0.17022085708013712,Italian Restaurant,4ceac54c4cdf8eec49bb51d1,2
Sutton,51.3575114,-0.173640122600872,Zizzi,51.36023749056543,-0.19189592518273454,Italian Restaurant,4d037d6f30a58cfae2ed98e7,2
Sutton,51.3575114,-0.173640122600872,Regional Thai Taste,51.358155368019794,-0.21659910678863525,Thai Restaurant,4d922847939e54813812dd9e,1
Sutton,51.3575114,-0.173640122600872,Korykos Restaurant,51.36630537006764,-0.1529216574463655,Turkish Restaurant,528d122411d2cb4aa2d664ff,2
Sutton,51.3575114,-0.173640122600872,Lahore Spices,51.368568759741315,-0.1955503719124239,Indian Restaurant,519d106f498eb1e16873b92b,2
Sutton,51.3575114,-0.173640122600872,Casa Nostra,51.35925448378785,-0.1916069275445011,Italian Restaurant,4d8a938c5ecdf04dd17bc28a,2
Sutton,51.3575114,-0.173640122600872,American Way,51.358910243465864,-0.21660681071120436,American Restaurant,4c0a58927e3fc928ba61f382,2
Sutton,51.3575114,-0.173640122600872,Siene Rigger,51.32805921506004,-0.2149958931534209,Seafood Restaurant,4c76cc1ca5676dcb87a31621,3
Sutton,51.3575114,-0.173640122600872,Tai Tung Chinese Restaurant,51.3627991528706,-0.11907801605276995,Chinese Restaurant,4b5c2cbff964a520782629e3,1
Sutton,51.3575114,-0.173640122600872,Brasserie Vacherin,51.360352351144506,-0.19140195753024347,French Restaurant,4b86cd03f964a520409e31e3,3
Sutton,51.3575114,-0.173640122600872,The Emperor,51.38358235359192,-0.21365100000000004,Chinese Restaurant,4bb2574eeb3e95213fe5c90a,1
Sutton,51.3575114,-0.173640122600872,Nando's,51.356980799999995,-0.11474289999999998,Portuguese Restaurant,5d72e710f5b35100082cff56,2
Sutton,51.3575114,-0.173640122600872,Blue Bengal,51.366053868363345,-0.15829120871785562,Indian Restaurant,4d02aca454d0236ac43ce4d5,2
Sutton,51.3575114,-0.173640122600872,KFC,51.359007991248475,-0.14972,Fast Food Restaurant,4d7234bdbce5721ed04eca15,1
Sutton,51.3575114,-0.173640122600872,The George Inn (Harvester),51.391504933296005,-0.203836978576833,English Restaurant,4e399bf5c65bab738fd1fc49,0
Bromley,51.36685695,0.061709076090816765,Chapter One,51.36579243220046,0.053204041242202536,Molecular Gastronomy Restaurant,4b6de831f964a520d39a2ce3,4
Bromley,51.36685695,0.061709076090816765,Havet,51.40618386892237,0.01352165486780187,Turkish Restaurant,50cf7f97e4b044ef7b70cefb,2
Bromley,51.36685695,0.061709076090816765,Cinnamon Culture,51.414196000000004,0.020883000000000002,Indian Restaurant,4d6ffb26b73bb1f79bacb272,2
Bromley,51.36685695,0.061709076090816765,Ristorante Pizzeria Sapore Vero,51.40828757331497,-0.025250561443221246,Italian Restaurant,50dc967ee4b0cc60e4d02c62,2
Bromley,51.36685695,0.061709076090816765,Côte Brasserie,51.41784737660513,0.06773761676488918,French Restaurant,55367c2c498e937a82f96a98,3
Bromley,51.36685695,0.061709076090816765,Hibagon sushi & grill,51.431314460156365,-0.060063001137894416,Japanese Restaurant,5589a54e498e746c2a1709db,2
Bromley,51.36685695,0.061709076090816765,Babur,51.44738955730938,-0.04183098949219809,Indian Restaurant,4ac518e0f964a52030aa20e3,3
Bromley,51.36685695,0.061709076090816765,The Lale Restaurant,51.45094147813716,0.05145458614484553,Fast Food Restaurant,4c4b72295609c9b693612091,1
Bromley,51.36685695,0.061709076090816765,Côte Brasserie,51.467378162360795,0.007176257713256991,French Restaurant,50c5e8e8e4b049cab1a7a58b,3
Bromley,51.36685695,0.061709076090816765,The White Hart,51.276687377053975,0.11220580276875937,Restaurant,4c2629b4a852c928b810e66c,2
Bromley,51.36685695,0.061709076090816765,Café Latino (Mi Cocina es Tuya - Café Latino),51.41775651795489,-0.0820066733873647,Latin American Restaurant,4c1f1b9ce923ef3b09ae4e54,1
Bromley,51.36685695,0.061709076090816765,Buenos Aires Cafe,51.46725985290514,0.007082625289599424,Argentinian Restaurant,4b9ba052f964a520a21436e3,2
Bromley,51.36685695,0.061709076090816765,The Gold Coast Bar & Restaurant,51.39177138157308,-0.06633652235879549,African Restaurant,4b5a41def964a52002b828e3,2
Kingston upon Thames,51.4096275,-0.3062621,Stein's,51.4071000870654,-0.307940201807341,German Restaurant,4fd384f7e4b0ba023226fa34,2
Kingston upon Thames,51.4096275,-0.3062621,Poor Boys,51.409221,-0.306967,Cajun / Creole Restaurant,591b53d482a7506d62d0f199,2
Kingston upon Thames,51.4096275,-0.3062621,Kokoro,51.41108964809128,-0.30186351698818864,Sushi Restaurant,4c99e5f1eaa5a143b231c7e4,2
Kingston upon Thames,51.4096275,-0.3062621,Cappadocia Restaurant,51.412236679860534,-0.30117488408795234,Turkish Restaurant,4ad5e270f964a520da0321e3,2
Kingston upon Thames,51.4096275,-0.3062621,Côte Brasserie,51.410509515006495,-0.3081832041234384,French Restaurant,531c5c57498e59bc3f6babef,3
Kingston upon Thames,51.4096275,-0.3062621,wagamama,51.40859292785697,-0.3070452012233318,Asian Restaurant,4b632816f964a5200e672ae3,2
Kingston upon Thames,51.4096275,-0.3062621,Obon - Sushi & Udon,51.414094,-0.30072,Japanese Restaurant,5596d48a498eb21cdc32aa9e,2
Kingston upon Thames,51.4096275,-0.3062621,Busaba Eathai,51.41064582274125,-0.3081534170723813,Thai Restaurant,5388de15498ef911b5203da4,2
Kingston upon Thames,51.4096275,-0.3062621,Nando's,51.406986100000005,-0.3077316,Portuguese Restaurant,4b76ea2ff964a5200f6a2ee3,2
Kingston upon Thames,51.4096275,-0.3062621,Yimchai,51.413923,-0.300626,Chinese Restaurant,59b42fbdea1e44219baaa7ae,1
Kingston upon Thames,51.4096275,-0.3062621,Atari Ya,51.412494458504455,-0.2873271096458707,Japanese Restaurant,4b9a41d0f964a520bfa735e3,2
Kingston upon Thames,51.4096275,-0.3062621,Stone Pizza,51.411930488071796,-0.3019087962748023,Italian Restaurant,4b9b848ef964a5207f0c36e3,2
Kingston upon Thames,51.4096275,-0.3062621,Las Iguanas,51.40743987517253,-0.3075001631946179,Latin American Restaurant,4fc8ab7fe4b042a57f02c0d2,2
Kingston upon Thames,51.4096275,-0.3062621,Nay Thai,51.39346,-0.304992,Thai Restaurant,51a50df6498e45f5999ad785,2
Kingston upon Thames,51.4096275,-0.3062621,Roz Ana,51.41405409823652,-0.2871364343025377,Indian Restaurant,4bc0d23ff8219c747c43b210,2
Kingston upon Thames,51.4096275,-0.3062621,The French Table,51.39501719671309,-0.30771086455696994,French Restaurant,4ac518dff964a520f6a920e3,3
Kingston upon Thames,51.4096275,-0.3062621,Thali Ho,51.391402,-0.309913,Indian Restaurant,5a04ae590802d42aa2043c3d,2
Kingston upon Thames,51.4096275,-0.3062621,Mezzet,51.401976978838995,-0.3453114687493209,Middle Eastern Restaurant,5003140ce4b09da8b07662e7,1
Kingston upon Thames,51.4096275,-0.3062621,Langley's,51.388715000000005,-0.297527,Restaurant,51b23231498ebf0265e9cc47,2
Kingston upon Thames,51.4096275,-0.3062621,Positano,51.38851597142857,-0.29746688571428576,Italian Restaurant,4d77d76078d5a0933dee8572,2
Kingston upon Thames,51.4096275,-0.3062621,Nando's,51.4265607,-0.33373769999999997,Portuguese Restaurant,510a3703e4b08e345bc81cbb,2
Kingston upon Thames,51.4096275,-0.3062621,Yami Restaurant,51.40158134939055,-0.2561174097212252,Korean Restaurant,4f11880be4b0958ec142ac89,2
Kingston upon Thames,51.4096275,-0.3062621,Hansel & Pretzel,51.43851896097159,-0.31348903448347354,German Restaurant,4c8e95d914fdb713decc32c4,2
Kingston upon Thames,51.4096275,-0.3062621,La Dolce Vita Italian Restaurant,51.43230386408056,-0.33839811192209457,Italian Restaurant,4b607a04f964a5205ae829e3,2
Kingston upon Thames,51.4096275,-0.3062621,Lal Akash,51.40269593243409,-0.2565005538289956,Indian Restaurant,4c61a058de1b2d7fc353e070,1
Kingston upon Thames,51.4096275,-0.3062621,Ha Ru,51.401854430510795,-0.2561766409779361,Korean Restaurant,4d860f9502eb54814ce24ff5,2
Richmond upon Thames,51.44035365,-0.3081511776732277,Hansel & Pretzel,51.43851896097159,-0.31348903448347354,German Restaurant,4c8e95d914fdb713decc32c4,2
Richmond upon Thames,51.44035365,-0.3081511776732277,Tangawizi,51.45611590029622,-0.30922661394956713,Indian Restaurant,4c4d89e2fa9d95214a91ff09,1
Richmond upon Thames,51.44035365,-0.3081511776732277,Al Boccon Di’vino,51.45960736763024,-0.30477187615200724,Italian Restaurant,4b71c26df964a520cd5a2de3,2
Richmond upon Thames,51.44035365,-0.3081511776732277,Stein's Bavarian Restaurant,51.455520512382144,-0.3039367538391328,German Restaurant,4ba1135cf964a520509537e3,2
Richmond upon Thames,51.44035365,-0.3081511776732277,Pho Saigon,51.44790472000636,-0.3261606027178285,Vietnamese Restaurant,4f2d8915e4b083c42755ff59,2
Richmond upon Thames,51.44035365,-0.3081511776732277,Gaucho,51.45636489910371,-0.3048052484428981,Argentinian Restaurant,4bf68e8f94b2a593a7a2adee,4
Richmond upon Thames,51.44035365,-0.3081511776732277,No. 1 Duke Street,51.461412357475965,-0.3038279093794699,Restaurant,56478d2d498efa9514931fcd,2
Richmond upon Thames,51.44035365,-0.3081511776732277,Rustica,51.462545925410474,-0.3025944000301949,Italian Restaurant,4b0c3569f964a520f03823e3,2
Richmond upon Thames,51.44035365,-0.3081511776732277,Stein's,51.4071000870654,-0.307940201807341,German Restaurant,4fd384f7e4b0ba023226fa34,2
Richmond upon Thames,51.44035365,-0.3081511776732277,Atari Ya,51.412494458504455,-0.2873271096458707,Japanese Restaurant,4b9a41d0f964a520bfa735e3,2
Richmond upon Thames,51.44035365,-0.3081511776732277,Nando's,51.458149,-0.305194,Portuguese Restaurant,4b8956d8f964a520df2c32e3,2
Richmond upon Thames,51.44035365,-0.3081511776732277,Buenos Aires Argentine Steakhouse Richmond,51.461510352118175,-0.3029500794687267,Argentinian Restaurant,535027ef498e1727784c77ca,1
Richmond upon Thames,51.44035365,-0.3081511776732277,Obon - Sushi & Udon,51.414094,-0.30072,Japanese Restaurant,5596d48a498eb21cdc32aa9e,2
Richmond upon Thames,51.44035365,-0.3081511776732277,Cappadocia Restaurant,51.412236679860534,-0.30117488408795234,Turkish Restaurant,4ad5e270f964a520da0321e3,2
Richmond upon Thames,51.44035365,-0.3081511776732277,Bill's Restaurant,51.45809080350938,-0.3057336835609073,English Restaurant,5054d027e4b0c210747e8416,2
Richmond upon Thames,51.44035365,-0.3081511776732277,Kokoro,51.41108964809128,-0.30186351698818864,Sushi Restaurant,4c99e5f1eaa5a143b231c7e4,2
Richmond upon Thames,51.44035365,-0.3081511776732277,Hanana,51.463957993432246,-0.3007593934760009,Sushi Restaurant,5672b15c498e4d44f77d4001,2
